date,QRL-USD,ALGO-USD,CELL-USD,ABEL-USD,XX-USD,IOTA-USD,QNT-USD
2025-01-01,0.6603530049324036,0.37626999616622925,1.0604690313339233,0.005628000013530254,0.04770699888467789,0.31967100501060486,115.52507019042969
2025-01-02,0.7463386006412203,0.3917856478932552,1.0958129975707884,0.005634182053812995,0.05062923775673272,0.3429034980705299,113.13826819133132
2025-01-03,0.7035864355327192,0.4172582678140135,1.1085818874633822,0.005634362923859558,0.04930921187537344,0.35929194320064783,120.2825349765002
2025-01-04,0.6993302182013228,0.4083373140372501,0.9839939117935845,0.0056335434640306615,0.048883135635226144,0.3549886793953103,117.49736221044334
2025-01-05,0.6328659745381848,0.4032647096381204,0.9589192159726107,0.005629729154410834,0.048710930440291414,0.35541328285764195,117.91115452329178
2025-01-06,0.6060028037737238,0.41256235409500747,1.03101527601896,0.005629907757835431,0.047280135984715664,0.37559025235713966,115.47184384541318
2025-01-07,0.5685661597048927,0.3710346598827888,0.8946899275227493,0.005623105459228958,0.04569485509032104,0.33458479623892234,107.05118889265222
2025-01-08,0.552961488795181,0.35626757225771255,0.8764251425421626,0.00562129089095898,0.04536480366787519,0.31571392844994167,104.49084677694363
2025-01-09,0.5378414193792634,0.33879114697778884,0.8687311224052529,0.005617485164385508,0.04409022387769398,0.29946599408241414,101.05325853616769
2025-01-10,0.5351926285046177,0.36939096309980535,0.8444185779006671,0.005616668159252214,0.0398591250440136,0.3167037200456634,102.08161843609813
2025-01-11,0.6033815242115858,0.3729276859500985,0.7921642684156082,0.005611870487027691,0.041067304738576484,0.33000641962044114,105.62374609893196
2025-01-12,0.6084853947116181,0.3559436063564849,0.7752632935681412,0.005607076207811014,0.043115655755541,0.32098312381951083,102.37867584212225
2025-01-13,0.5813920616096828,0.3442446774996265,0.7277414166696198,0.005605267164569989,0.040083050998416775,0.30934198177297234,99.51371796873737
2025-01-14,0.6055854986713478,0.36681622720001855,0.8568771815004357,0.005603458991495954,0.04025857443255434,0.33958599068381834,102.32113125544416
2025-01-15,0.7064048169849407,0.43825505814728344,0.8642848052026023,0.005601650763113647,0.04021589284520216,0.37474485354306036,117.63327738845024
2025-01-16,0.6145467040655926,0.4557157852579372,0.7816684594356043,0.005597858333300277,0.04421265484081393,0.3793063950690117,115.82434865757577
2025-01-17,0.6135696604642796,0.4608447627375878,0.7349974311348714,0.005598035991179855,0.04316807458064599,0.38584720022890545,118.07098822790007
2025-01-18,0.5466569406499074,0.4368483405451427,0.6493242141671104,0.0055873053242388926,0.042811048984856194,0.3551676776794686,111.78602400204323
2025-01-19,0.4960735328070273,0.3880762246876902,0.6083768930386071,0.005584512369873551,0.041455536814517566,0.31403863783793,100.37339296675543
2025-01-20,0.4917044576152906,0.41949046811713403,0.6030556466173411,0.005581720811636331,0.04014723327105202,0.31731693382733783,101.64844975749476
2025-01-21,0.4837358530026132,0.4141743163557542,0.6465134557458517,0.005584870993064205,0.043049168771503755,0.3224140378241402,111.61152383622769
2025-01-22,0.494322829292241,0.395199053930465,0.6202174072237325,0.005581089923491395,0.03993497799090465,0.30924989766948097,108.54779991849546
2025-01-23,0.4933596879178619,0.39962616288688874,0.5957713617531912,0.005580278211669568,0.04007096175471087,0.3074817409708117,103.88648042840025
2025-01-24,0.5030349728921908,0.38949896250534244,0.603551085037823,0.005576499966414164,0.03794666580821686,0.3041789411225751,102.18763542532473
2025-01-25,0.5112369513699815,0.3915827437023741,0.6166910979932231,0.005572724564194136,0.03656229796991435,0.30882296062299824,102.48159028836287
2025-01-26,0.4627000654820239,0.37130771930481105,0.5747544623640831,0.005566975912486955,0.04043149482222845,0.29607682148860487,100.44298778945928
2025-01-27,0.452985817126299,0.3753140559811843,0.5985026433212064,0.0055681414868914,0.04037309912286067,0.28716248509261927,96.26347201467244
2025-01-28,0.45653596644091304,0.35224952384431835,0.5493603574022813,0.005561411719134827,0.04023324445787081,0.264673698007328,92.46579606784768
2025-01-29,0.4517777857394977,0.357358519844654,0.5454332292970024,0.005563562463194082,0.03893930700751364,0.27529561089673854,96.44745548321552
2025-01-30,0.4539048266022123,0.37514447033819753,0.5887055679303312,0.0055607813772919,0.0424915035330696,0.2894032847506095,104.87948232232642
2025-01-31,0.4613703804915205,0.3658881720093813,0.5603720416554047,0.00555504609389865,0.04116344337782773,0.28394859560609914,105.87351149898647
2025-02-01,0.4514007150825375,0.3365339190076525,0.5257897894994821,0.005554238519125007,0.03558296575222424,0.26236831645261727,97.97836955983773
2025-02-02,0.47050692355417106,0.2893744793629198,0.4904900268566133,0.005549493824402189,0.03904508951842821,0.2237667184263072,84.08313521150983
2025-02-03,0.45090219448599284,0.30098414644921667,0.49083307028282536,0.005554588914015322,0.04334973851516724,0.22905905829302764,90.74365082230034
2025-02-04,0.4490123876480529,0.2807468739914704,0.40340842330311016,0.00554689678681832,0.043755875919439954,0.21467810580131091,86.10642683410354
2025-02-05,0.44415354460486084,0.27049134630765104,0.4108075982715637,0.005542158712235335,0.04128339279557087,0.20779328071547734,83.3543780355822
2025-02-06,0.42950224419386246,0.25585713559086803,0.38732011299772917,0.0055413526625556426,0.03923789746210854,0.19491738130050104,78.6409919743211
2025-02-07,0.43597518583449546,0.2582299989621226,0.3667922021812368,0.005540546033877041,0.03593166248882735,0.2014214647474411,81.69873877517975
2025-02-08,0.4043181870159803,0.26408292057698807,0.39332340720990405,0.005538757411697747,0.036227511684266175,0.20947993203555637,80.6386134801054
2025-02-09,0.43146832616396724,0.2633994812038682,0.4161357150795549,0.0055350082571929875,0.03665351021419694,0.2052829071649507,81.07983024485243
2025-02-10,0.4453928014242699,0.27678235966654324,0.41639819087303287,0.005531261010467814,0.035022503020039335,0.21231952837706888,82.13391361633394
2025-02-11,0.4542513093664787,0.2727112892393511,0.44356115352062364,0.005525557150891813,0.03486293717680894,0.2151041015293287,82.27359193747854
2025-02-12,0.4224514682402596,0.2883356843615184,0.48857444884961204,0.005524753515737561,0.036282726515627306,0.22741488862406334,85.79507641958347
2025-02-13,0.42164733463349124,0.27894909749143365,0.4625837617912509,0.005522970338510581,0.03391276564099812,0.2178249431562946,84.3948099972684
2025-02-14,0.4165699363899854,0.2817644222499425,0.4381322830467886,0.005518253048229861,0.03509431975413648,0.22490812851909395,87.62673445177347
2025-02-15,0.41232691523677634,0.2697592829784704,0.4556995539612151,0.005517450128736974,0.03468372265524031,0.21506628820019932,87.18810360616023
2025-02-16,0.4099678454249528,0.2610315799264028,0.4318620628901428,0.005513715050850461,0.03596208008221981,0.20920591380494247,86.91562530289029
2025-02-17,0.4138444870114898,0.2555377354138369,0.4289483460463358,0.005509981873589342,0.03563282732289426,0.206119882424581,89.13517142839761
2025-02-18,0.39583163257159526,0.24305177196508188,0.39606153690201484,0.005505274984998146,0.031758299196953,0.19735017956900489,87.37763929250636
2025-02-19,0.4095377547690219,0.2468719539570909,0.436592391736183,0.005503499067865069,0.032893726765359434,0.20336769623191545,89.69521251270163
2025-02-20,0.3971039870299844,0.2555882399888883,0.4463730262518763,0.0055036737310874,0.031711147573346636,0.20736701989921608,90.15369943359497
2025-02-21,0.36191163295352224,0.24820178943762308,0.4146631080958989,0.005496048660026228,0.029967583369707642,0.1966419090193021,86.2680313901828
2025-02-22,0.3494929074524774,0.25062287041898507,0.468762361363842,0.005497198692622518,0.031835034086091514,0.2066653768517877,87.53101553876384
2025-02-23,0.3230457871646475,0.24416211318002734,0.49768404227715474,0.005495424409029061,0.033707702917562185,0.20409653756175994,86.20306445816142
2025-02-24,0.348527112004008,0.21337772583513856,0.4494845961480924,0.005488783909025416,0.03189775978125776,0.17810456853726084,77.18829992857845
2025-02-25,0.32119021982698803,0.217188873437907,0.4757084872826342,0.005482148674692551,0.03131352830494191,0.17953949289256874,90.60542105267953
2025-02-26,0.36847778787806534,0.22042973004037836,0.4319845051966845,0.005478436116140356,0.032168349850116656,0.18362238679793216,92.06726467983094
2025-02-27,0.33364230462384153,0.22223771636889944,0.4473141400775603,0.00547764140216206,0.03312406510909882,0.18157895041478478,87.87327820358276
2025-02-28,0.33087601706894954,0.2222580334933095,0.393788908354209,0.00547587446373784,0.03424300475910865,0.18064626021654492,86.51035438745858
2025-03-01,0.3092232910707079,0.2363782311046199,0.42480072013285264,0.005475079087417789,0.035392167726932384,0.18461682532124393,82.66612435765208
2025-03-02,0.3308657385462969,0.27096484411713756,0.4632441098501736,0.005475253816863373,0.03705956878368391,0.23371596269132552,88.1604484776168
2025-03-03,0.3342078892065096,0.2215541252199809,0.41699181981677985,0.005468637002976317,0.04198348159509192,0.18706813572065473,78.34597006755551
2025-03-04,0.3174655073339308,0.22235811763692004,0.4082548802876795,0.005467842333850822,0.03976685876701377,0.1852173625135004,78.63965419308558
2025-03-05,0.3103709378961597,0.23231097922163485,0.3759578461445296,0.005428287159326788,0.03938269945324185,0.19336282212171887,78.86214495053434
2025-03-06,0.3200607497024199,0.22322082955529673,0.34705077617905006,0.0054265424336247215,0.040585864224983885,0.18616026366044597,74.90440465093543
2025-03-07,0.3064233552098487,0.21604441822361234,0.31582409115328924,0.005419957721329347,0.04197605067163366,0.18001746489206016,69.81880953936952
2025-03-08,0.30268904920207934,0.20782153052548383,0.33965440114771045,0.005418215740504775,0.0435088670530017,0.1721466720462397,75.23037519369954
2025-03-09,0.30260397635833863,0.18598767680390985,0.31601419556423127,0.005415507309798625,0.041124465887092856,0.15418148725148478,67.87688836008508
2025-03-10,0.29201565934458906,0.17017637254218657,0.3019617614302336,0.005417633352339746,0.03753333155320263,0.1473052812407213,62.71925381138632
2025-03-11,0.2950127595365913,0.1759816594703149,0.3201191572382256,0.005412026700732042,0.036936246959849414,0.15235341774450145,66.87015436695533
2025-03-12,0.2951968620437445,0.18006272716639757,0.3322831821679692,0.005406424750288247,0.03803687718597968,0.15841793983465055,67.25907275372404
2025-03-13,0.31967866880340945,0.1800184728471712,0.32409594373480405,0.005402756858810279,0.03200659412995759,0.1528149953219583,65.76735738764462
2025-03-14,0.3647950959740304,0.1826358282049349,0.35850181915205076,0.0054039147461678585,0.03121227255991911,0.15714044869617894,66.4782990743812
2025-03-15,0.40345926493228357,0.18359928924427515,0.3717620061772833,0.0054002495232216285,0.03309456332241188,0.15995990816194453,68.9063162138044
2025-03-16,0.5775151959748958,0.17098715027127054,0.4675698765224799,0.0053985135324786365,0.03272888551295617,0.14975599391516498,67.17771776713013
2025-03-17,0.74563212454518,0.17529099642907411,0.5697853436932665,0.0042823622470750024,0.03373249735315821,0.15792355412282047,67.64321911267346
2025-03-18,0.695607912467495,0.17066460236772937,0.5054502651347913,0.004278296160614615,0.0327033364234198,0.15694832742823311,68.02476188364143
2025-03-19,0.6535793285145376,0.18255710584506263,0.5323825786617379,0.004277120010300882,0.03186457591779193,0.16412815178454918,69.56026887563735
2025-03-20,0.5523406833399245,0.17828588166794185,0.49052650215578425,0.004272096486824428,0.03215471688115963,0.15680602666811563,66.63351773032157
2025-03-21,0.5140203293430121,0.17070395335855568,0.4983425253209961,0.0042699609725040865,0.031695941236421596,0.15297657845755827,65.75230890238062
2025-03-22,0.5036141884341355,0.1710960735078853,0.4583772792029878,0.004270709139640464,0.031897611503326984,0.1552375894328157,66.61737079454876
2025-03-23,0.5111891324231358,0.17434937218728191,0.47004925715812096,0.004269534411707703,0.028439069248794635,0.15755273572016426,66.32030969474819
2025-03-24,0.49540005105348145,0.18483955666970445,0.48449390417281907,0.0042674001781047135,0.02936691703846832,0.16139848294522588,68.29201408790652
2025-03-25,0.5310734193522828,0.19213349002980562,0.44902248724578,0.00426526701135179,0.02895090035684741,0.1726822278006397,68.14823912084262
2025-03-26,0.533029084781084,0.18754033224797304,0.4197164810654585,0.004261217156751882,0.029983992435673498,0.1669328610054876,65.64718518565124
2025-03-27,0.5226796757175477,0.1917980013140773,0.4407867883699206,0.004259087080736886,0.03042607048172995,0.1659379001027314,64.98045571296713
2025-03-28,0.5264646755502345,0.18047027739930846,0.3783328439812864,0.004256000373840731,0.029021479376193007,0.1546378954178813,61.05971725333625
2025-03-29,0.5100592444835477,0.16620620687942175,0.36798538038208495,0.004253872905565202,0.026203270888974287,0.14496969593091893,58.98231267934761
2025-03-30,0.6302098103841569,0.16188741039528645,0.377214021595627,0.004252703239193909,0.025904788522418738,0.14222541950729153,59.06705811151479
2025-03-31,0.5679446849526788,0.1623350249008565,0.38869446204310076,0.004250577419073629,0.026125006525697575,0.14172615845296777,58.21324030218611
2025-04-01,0.47541305845374326,0.17019194583777542,0.374635329840359,0.004248452661597727,0.029636386827293467,0.14588829280705734,59.6390740265087
2025-04-02,0.549778120059511,0.15948368420281775,0.3526555214455928,0.004246328966235013,0.028499507674690224,0.13553440723262095,56.21424832781847
2025-04-03,0.5511725471239156,0.16229331200238226,0.3336391329426407,0.004243251505583245,0.02877959650189236,0.13581684172460753,57.6420728229558
2025-04-04,0.5485463145892537,0.1669075779148954,0.33183527261053186,0.004241130410148502,0.02989297634154086,0.1374069643615856,57.44637295447601
2025-04-05,0.5627796927530495,0.16413299187982222,0.3168581437538621,0.0042390103749963826,0.03176753360538792,0.13723103077173548,57.27836661102472
2025-04-06,0.5325272108679521,0.14506779796539335,0.30337401951424176,0.0042359375598327465,0.02663082666139661,0.12138188658411958,54.24705008660831
2025-04-07,0.5472190715318077,0.14906310786166718,0.2805787608433885,0.004233820120456787,0.027543578002577836,0.12377787100164762,53.36964474864586
2025-04-08,0.5340254444274902,0.13818399738175105,0.25750137745358864,0.004230751296750393,0.027844868305966924,0.11798899763391617,50.12685831147474
2025-04-09,0.5396778516851314,0.16086598724063672,0.32614394526217333,0.0042295884165409305,0.025548122799805218,0.1324869993444553,55.76489968380642
2025-04-10,0.5149144432430903,0.1571842287370323,0.3016591388500854,0.004226522660124342,0.028570713569740693,0.1285002710922716,53.48313800473034
2025-04-11,0.525814974521351,0.1603255428711806,0.31402271824606104,0.004226312400356833,0.02675082270982867,0.13215623846344748,54.36763526506223
2025-04-12,0.543362007624219,0.16980035030650456,0.31387523824939284,0.0042251503121612,0.02679095755568296,0.13990299728704866,57.01645515289702
2025-04-13,0.5230304529849429,0.16222912315438753,0.3081801222713798,0.0042220882004084664,0.026081749205277116,0.13228920383794504,55.62584885835444
2025-04-14,0.5290643201456552,0.16737479132304156,0.31186613909517774,0.0042209272737201795,0.023922601737894802,0.13148530852019782,54.01144171559386
2025-04-15,0.5246340536955743,0.15908752063743986,0.30090021787729093,0.004219766894739655,0.0234102949053663,0.12766757652277655,53.500650410566834
2025-04-16,0.514993282440497,0.16049361470460177,0.31306784245743835,0.004217657538675246,0.023564389776417713,0.12601261764013041,53.15746944811498
2025-04-17,0.5129238248098646,0.16496962462194328,0.2950523897703002,0.004215549237025245,0.023234677236903478,0.1266143038079394,53.954974977420704
2025-04-18,0.45246564367124237,0.16718160051415618,0.29022888081267517,0.004212493855402196,0.02121256090503938,0.12816655419748213,52.12562144332728
2025-04-19,0.45737767013252395,0.17033327574944576,0.29849890972019183,0.0042103881349484775,0.021457111302873786,0.13393254710540264,53.918901229577955
2025-04-20,0.43160256109919004,0.169971762729804,0.2892105960138214,0.004207336721853306,0.022256483151094172,0.1325737482196116,54.592888930848666
2025-04-21,0.3564233120482427,0.16985537543374393,0.2809802187006126,0.004207126564031744,0.021881085377624482,0.13522602486530172,54.19879058190394
2025-04-22,0.31545477155207535,0.18403805912579999,0.31357650642189316,0.004206915565007058,0.020737238119194725,0.1489174030930146,56.41648595988508
2025-04-23,0.3113917766428973,0.18765205073040542,0.3083743450076121,0.004203866866515189,0.02219809398639159,0.1562709098389903,59.09268512243626
2025-04-24,0.3184761836889028,0.19789500841999916,0.2893519506279687,0.00420176545847772,0.022061806451447633,0.16064926136043417,60.969815875172934
2025-04-25,0.32756084895605897,0.19942919703299097,0.2884110288864232,0.004200609922074054,0.021803350905757142,0.16753400070603378,60.5312780986017
2025-04-26,0.4276934865843851,0.19994082206397884,0.30803770578019773,0.004197565793201853,0.021082131573085125,0.16798982469900414,62.12621858560254
2025-04-27,0.42446483825540265,0.1935963373866888,0.3041119584053673,0.004196411411757015,0.02218063047759059,0.174853346028928,59.99614098538011
2025-04-28,0.41983977441609005,0.20107657697745512,0.2963682881845139,0.004194313730515148,0.021497098468522744,0.17585088324239687,61.24596117618893
2025-04-29,0.41913639226883165,0.1974811751964651,0.2815280511023155,0.004192217097851737,0.022089143578482115,0.16466452605470447,60.452348206503096
2025-04-30,0.4502106780158293,0.19132715473528877,0.28557181181826746,0.004189179051153079,0.021491548460585385,0.16272839226125532,60.34410468990371
2025-05-01,0.42235975758502775,0.18893501610359387,0.28098581120568905,0.0041861434327546175,0.021467993872836138,0.16434622105337957,66.19521249382609
2025-05-02,0.44423336184601475,0.18710654132797275,0.2873976880901837,0.004184991965993428,0.02017140931826733,0.1690665638396706,68.32673235805612
2025-05-03,0.4260453929375661,0.17996013668172486,0.27318119657976697,0.0041819593816960635,0.018575087950755888,0.16215295335104882,67.13741658571045
2025-05-04,0.43029099284545,0.17295834400557158,0.25982891946888514,0.0041808090658260934,0.01742493708964287,0.16240446484802915,71.95164863254277
2025-05-05,0.4336075376960064,0.17256026059037252,0.2792044234662795,0.004176839403720178,0.022024901200452317,0.15878062189158976,67.24817740548464
2025-05-06,0.4300447575737593,0.17233225627133314,0.26607184384813126,0.0041756911449763534,0.02157044210327789,0.15331161238828903,69.03425017297161
2025-05-07,0.40954659499579793,0.1720130468319449,0.27911410188374225,0.004173603821278275,0.019683183501434123,0.16031449633111589,71.45069817877257
2025-05-08,0.42364820856131447,0.1940396744157854,0.3252366411375555,0.004172455803740947,0.02187615059478765,0.17884971256074375,75.59625258216492
2025-05-09,0.43697963309011845,0.20030060308665756,0.33431810476579865,0.004169432303563481,0.021595290822059108,0.1839918708764843,75.24213392418802
2025-05-10,0.44843232780251985,0.21771563570229058,0.3685313861927743,0.004167348108503885,0.02261961564725474,0.19800996603361895,80.24996540413062
2025-05-11,0.4390523812762502,0.20581003318799385,0.359440336860569,0.004165264955281338,0.024319297554321453,0.19026468608845679,77.86087620366997
2025-05-12,0.4487182436739474,0.20814315842719505,0.338474733188081,0.004163182843375051,0.021975506458883454,0.18661796416051044,77.22903574619072
2025-05-13,0.43847172109946375,0.21258116649796038,0.3333356048435551,0.004160165416312091,0.022078079288376688,0.19392176238108688,77.50693995265733
2025-05-14,0.4286247358190071,0.20309069588629847,0.3118180750187308,0.004159021741429407,0.02236994133267299,0.1837905656768114,78.37751628986614
2025-05-15,0.4196865571983943,0.19268725309751614,0.30579198940189795,0.004156942750349775,0.023428702994183905,0.17315217960939716,75.52023370078187
2025-05-16,0.4170255816222453,0.19055327766667052,0.28493771694966785,0.0041557993157106884,0.023318039497059115,0.17004659925736568,71.82168172000037
2025-05-17,0.4024867740154245,0.18415419672067895,0.2787767958560074,0.004152787885378149,0.021407356200984783,0.16358154069239758,71.02534786024617
2025-05-18,0.3752844193439681,0.19400155872898636,0.29001850538032026,0.00414977799246124,0.022185324719198905,0.17567015975903724,75.58379176453592
2025-05-19,0.36402049163914385,0.18923200986207384,0.32758741109681616,0.0041495702896745925,0.021690772292439025,0.16916899561711046,72.6819599423404
2025-05-20,0.3518926531514766,0.19073747593035123,0.317860894716431,0.004147496023139603,0.023033536409697724,0.1696708409583374,75.06547725149882
2025-05-21,0.3412146969841892,0.19610097762022866,0.31545493992196216,0.004146355411488106,0.024056600502703553,0.17144500541135196,76.0184329001825
2025-05-22,0.3707355324543736,0.2045395857440328,0.3159467933162434,0.004141486730502031,0.022697900353101323,0.17426739276508305,75.64049394654722
2025-05-23,0.37179587337491565,0.1895279212632907,0.296415401033043,0.004139416504736352,0.02111813050124683,0.1570256186536995,72.48559653383086
2025-05-24,0.3745538898384508,0.18693888071823025,0.28834165572695547,0.004137347313824819,0.023395822287752215,0.15591478607816403,73.65908585921875
2025-05-25,0.3697467365402174,0.18732787451322713,0.30724548218770675,0.004138070987850242,0.021329826391557467,0.15723250496710722,72.8500231731271
2025-05-26,0.43680139367906845,0.18488876842303886,0.31213191118246664,0.004134142323871712,0.019516235799671315,0.15407720142272638,80.13818293666766
2025-05-27,0.4400946798466634,0.18729358059147985,0.33138876043795595,0.004133005160860355,0.019512302338716953,0.15582819428646946,85.41130259104227
2025-05-28,0.43942412866323755,0.18304515350298248,0.30590321355929434,0.00413001024793015,0.022685262070270062,0.15485056466057964,89.51441041006989
2025-05-29,0.43192632114758484,0.1763334507680092,0.30928576099931515,0.004126088401441024,0.023835317063312756,0.14720445200170265,86.63495978193029
2025-05-30,0.5078709941886661,0.16170427333689788,0.2847062865909565,0.004125882301999182,0.026972177983631978,0.132015323770751,80.49058808239296
2025-05-31,0.560780748451362,0.16274637742054468,0.29830014129520094,0.004124747411041036,0.025089332520666592,0.13446813513801864,81.62309231448438
2025-06-01,0.5728112927272158,0.16385122666696317,0.3083344208011917,0.004124540126425619,0.024660281218280303,0.13632876644819,80.7115537659574
2025-06-02,0.6192996569540696,0.1666910932003295,0.30563338956574526,0.004121551764371424,0.02767733727183461,0.13927123766295038,81.44121870302142
2025-06-03,0.5650714071461441,0.16513402773425528,0.2964125516351018,0.004118564927946012,0.028449945886460094,0.13758279837559353,87.6870968841523
2025-06-04,0.5636916685811776,0.16011703285290357,0.27873820904260616,0.004116506160216862,0.025361828810564847,0.13352529120549297,87.83139086721826
2025-06-05,0.5583061647614349,0.15143102835635625,0.259590604611306,0.004114448421614274,0.023794687288760167,0.1252984131552649,83.73925132754987
2025-06-06,0.5634569943041335,0.1561251933253223,0.25081057576031973,0.004115166841392912,0.024192492283953194,0.12840785449352626,85.55414573639726
2025-06-07,0.5578853360414175,0.15911213669559127,0.25175392831054505,0.004111260754083256,0.025347181104345858,0.13140429915004828,86.65898333210845
2025-06-08,0.549739246469901,0.15847669793958272,0.2489797844450884,0.0041101294693438985,0.025188084085982117,0.1322112866198809,89.21549834200478
2025-06-09,0.5573381277784705,0.16566177720305378,0.26772680336033766,0.004107151548274512,0.0256039210347603,0.13832165895149334,91.61822101516994
2025-06-10,0.5380577839203304,0.17250548434096996,0.27659980329593564,0.004103252239057863,0.024003128300403055,0.142722415951754,91.38440077854223
2025-06-11,0.5555275207123254,0.1634234249596539,0.2694613682872677,0.0041012011257593895,0.023767065076915315,0.13694766374698233,85.75312459550106
2025-06-12,0.6022176405788044,0.14999078086060377,0.2555269517016309,0.00409915103776122,0.021692965570678686,0.12724214321620586,84.03960320470652
2025-06-13,0.5832040955312318,0.1494347190004038,0.24226729404361846,0.00409710197455083,0.021540366090340695,0.12422772263502348,79.22252200840803
2025-06-14,0.6890132077855645,0.1463765884981868,0.24063069941871992,0.004096896493563387,0.021257081621652567,0.12215772080616674,77.59828978315883
2025-06-15,0.6741466787294323,0.14557982831931002,0.2352461540258986,0.0040930069204445875,0.021740998356978895,0.12230977666504061,78.98452441275711
2025-06-16,0.6677097798893787,0.14517855416549394,0.2932754128812501,0.004093721788704703,0.0224632897303973,0.12127401387430904,77.79843357093095
2025-06-17,0.6489887530659408,0.1396278635968394,0.26690915550747923,0.004088915959345606,0.02113230322603045,0.11640384824272378,74.27352488633815
2025-06-18,0.6275619363941329,0.14030022866888814,0.29480183245933117,0.00408779123658058,0.020005135093655382,0.11768413600994478,74.28049820279051
2025-06-19,0.5564634337159622,0.13890588318765953,0.2776057013743733,0.004085747851851043,0.018947360066592978,0.11734130449320153,72.5478466195708
2025-06-20,0.5100557358433456,0.1370930562123909,0.2596184222890912,0.00408370548855849,0.018559735748059015,0.11327681815255371,70.71397759600701
2025-06-21,0.6413991159117691,0.1324926502918267,0.24703891734019442,0.0040825824200767975,0.018547366714362988,0.10757868483092174,66.31048788681207
2025-06-22,0.6720400514872801,0.13070343802917378,0.23048224249368907,0.004078706436668048,0.016954087076482566,0.10411188927650189,65.82357258651557
2025-06-23,0.6914577616683921,0.14664231390853075,0.24951497437693443,0.004079418807262717,0.01698110334298756,0.11441750156071916,71.8514956114132
2025-06-24,0.6999512390732379,0.14919280320216763,0.24366195053964945,0.00407554623955013,0.017688400173996498,0.11538008768934528,72.34442521766859
2025-06-25,0.6725471862205924,0.1432129092977924,0.2439991546347523,0.004072592963264375,0.01814112910040482,0.11049720441321206,70.86311122559373
2025-06-26,0.6794434707558854,0.14003273202439742,0.23729563131147702,0.004070557175772028,0.018040999826991717,0.10715105180567581,70.43202416595355
2025-06-27,0.6929582251936638,0.1421421667289372,0.23553677748892474,0.004070353026079607,0.01954331451928882,0.10838845038511163,74.35111552789897
2025-06-28,0.7088837462457361,0.14337633535230543,0.23706028101146395,0.004066488653196587,0.0183917417735576,0.11120353391171259,79.4405592662698
2025-06-29,0.7114425112024387,0.15090327928642466,0.2565956429208035,0.004065370099426482,0.017444047043887384,0.11427257960104623,79.33892938056988
2025-06-30,0.7433069376871596,0.15033014598552774,0.25898066918870627,0.004064252073398927,0.016392063188298205,0.11114820730802316,77.15948575800999
2025-07-01,0.8154750140136159,0.1385754041229117,0.23595772222333472,0.004060393492729985,0.015798820715137624,0.10547146569335128,74.4619554064262
2025-07-02,0.8637327045993529,0.1465266547185297,0.23917594243754725,0.004060189852774359,0.019472078579356965,0.11369740012686938,78.22203592088562
2025-07-03,0.9288583314700851,0.14720474914783852,0.2556458359990136,0.004058160265287126,0.01859785281241218,0.11363459479264473,77.86992605061496
2025-07-04,1.0608784649743148,0.1399727212407225,0.2490393657014529,0.004054307468150454,0.01786012067707051,0.10758269657644906,75.73726901195863
2025-07-05,0.9830239624074817,0.14073706723490678,0.25850815396730514,0.004054104133425781,0.01771473777489789,0.10796385045108237,76.28428810810286
2025-07-06,0.922417232494154,0.1425273358377291,0.2525354638254038,0.0040502551871604885,0.018785956001287202,0.10990719641143683,76.73223557096648
2025-07-07,0.75909401577244,0.14162308601852439,0.2522352738849527,0.004047319608764483,0.0181184055516803,0.10865013421462322,75.86794520850178
2025-07-08,0.8394730806753408,0.14401648734449346,0.24472406661986806,0.004046206956426048,0.017737569943254473,0.1102360598568906,77.00358361355948
2025-07-09,0.8990056092049759,0.15435390328695675,0.23870512193274235,0.004046004027964426,0.01786857029852343,0.11817690771348249,77.96258731639679
2025-07-10,0.9109603118452682,0.16968161284956418,0.24499325369654873,0.004041253180310133,0.018847816326638567,0.12442037199009148,80.53948224662479
2025-07-11,0.89204930565738,0.17475579928963875,0.2549334197102247,0.00404196004626431,0.017754075593918783,0.12831930676777026,78.86264699083004
2025-07-12,0.9078857894534719,0.17492691452512873,0.23681568323871097,0.004039939571401986,0.017729045791671463,0.12778910738597737,78.54431487510445
2025-07-13,0.8329511746996935,0.21090567957663733,0.24365355519310886,0.004036104072901307,0.017881653525185524,0.148247070292465,80.79588824608547
2025-07-14,0.8452128255702671,0.22283526561640798,0.247582196739019,0.004187463601683952,0.01751562790659788,0.14949698326629884,78.23691130297992
2025-07-15,0.8034721763834167,0.22603633248696456,0.23935982603699857,0.00418627729127629,0.017247549712399505,0.1518306825668218,79.75862200975111
2025-07-16,0.8198954853685606,0.2261490871761618,0.24175068084935275,0.004185091542731184,0.017101796520680442,0.15463556585644828,80.08048249582534
2025-07-17,0.8404753862139667,0.2544592139054376,0.24215271314186246,0.004029852336770538,0.01804098616273,0.16362324077919696,79.20056346875016
2025-07-18,0.7802443756208874,0.23333241215125686,0.24853398673418967,0.00402783791424975,0.017107928997244545,0.15409699342122923,78.24740797814
2025-07-19,0.7801724095303316,0.2314786880242675,0.2481245749195146,0.004026729584752413,0.017182351124572965,0.1575047494100906,78.6440117793373
2025-07-20,0.7657091910963091,0.231202462188063,0.2697175486044577,0.004023812089583319,0.01860531004889368,0.1617046582327975,81.58830111682596
2025-07-21,0.7257234330160545,0.23596896366254871,0.29851763437201473,0.004020896083863804,0.017558269437605415,0.15866551016142905,87.22099065888314
2025-07-22,0.6612596132761771,0.23430965506193766,0.30341053457269473,0.004018886138350125,0.017776431637756822,0.15535343840435492,93.13939307798844
2025-07-23,0.636709433669989,0.21105484697062743,0.29605903293972213,0.004017780895974999,0.0177375084635917,0.13873510511187873,83.50482533691505
2025-07-24,0.6421117948848887,0.20625214067309608,0.3031506315335087,0.00401577250766593,0.017624437695305913,0.13308621680104432,82.24663937886126
2025-07-25,0.6556514628834355,0.21007404023060786,0.33876737474528623,0.004011959953255153,0.017064041165742505,0.137494391863526,82.97044098990622
2025-07-26,0.6613860958228123,0.21604061208380826,0.3453089446700702,0.0040108563984898645,0.017115428716211765,0.13969610793409729,83.77047617075232
2025-07-27,0.6781283330456065,0.2248622209724869,0.38079039723633523,0.0040097533643904774,0.017120573842609604,0.14660142172160717,90.10240623935374
2025-07-28,0.6433607562286198,0.20703982949546848,0.3586606234754846,0.004005946524524336,0.016065413027589348,0.1337890999187352,83.0854314100474
2025-07-29,0.6829561734575005,0.20413332948809898,0.3462866461082088,0.004003043060537616,0.01636788314573814,0.13411036176837476,81.99312865307486
2025-07-30,0.6636374336111747,0.1985423908821657,0.31373249310187085,0.004001042039304343,0.01621005361651735,0.13120239903339034,81.52594155906772
2025-07-31,0.6855254753607284,0.19099411262045232,0.29865664525253105,0.003999942109174889,0.01676916893029548,0.12381438513312522,78.55701378027433
2025-08-01,0.6876911853832678,0.18476175873680714,0.27275772154908706,0.003995244134125908,0.017272836617166075,0.11776292343829492,74.96631812484794
2025-08-02,0.7789158112823326,0.17746341801822352,0.275449545766587,0.0039932470113811375,0.017580609051746337,0.11522669949219502,72.20896258530045
2025-08-03,0.8053832242066488,0.18961941307563565,0.27594173110533005,0.004035278770969426,0.017022656528957444,0.12005779854660467,74.99706793751112
2025-08-04,0.7596930610930737,0.19320347896148346,0.28975811403793694,0.003991950219510168,0.019589910959339898,0.12336189557037218,75.73306734346588
2025-08-05,0.7356896594901775,0.18454043546390503,0.27402058324088235,0.003988159474448215,0.018892804083110865,0.11904292698873661,72.32212560528599
2025-08-06,0.6876015876994486,0.18850196846537165,0.27556310211113944,0.003987960264600608,0.018954629960207407,0.12160859486500517,73.17391568537788
2025-08-07,0.6800077453867562,0.20465235865925607,0.2937348128974036,0.0039877602573715615,0.022042933731206502,0.1290164009039408,76.64339789854698
2025-08-08,0.6569011806939777,0.20600847900562833,0.31322911428347755,0.003983974297651646,0.021109644955535755,0.12994537814583665,76.77076640873783
2025-08-09,0.6283450989440315,0.20897495310562125,0.30486310991441634,0.003981982808416619,0.02224586740510142,0.13301864162075738,76.72850801595425
2025-08-10,0.6363520308073592,0.20580730283345477,0.30074594645525793,0.003979992314677314,0.02179436008931286,0.13287756248115987,76.12616531625486
2025-08-11,0.6393470861191828,0.19569726326137957,0.29031901721711917,0.003977107662003509,0.02251031505460983,0.1271070192816231,73.44893466811028
2025-08-12,0.6106260390223104,0.20912213101883068,0.30907809196236435,0.0039751196052281185,0.023360616321825033,0.13531052517053824,75.95610828954767
2025-08-13,0.5501864862971592,0.2161681209964491,0.3112284289625042,0.003974026801458745,0.024288152091872593,0.1390818791785442,76.41823278692118
2025-08-14,0.5676932919141305,0.19527888520987835,0.28734515883712825,0.003975614701334182,0.023841610526296117,0.1273993776231747,73.0005027792538
2025-08-15,0.6077870518246714,0.19502582500210033,0.2704540582526989,0.003972734025438689,0.02230586384019109,0.12654093634774047,72.0166016783448
2025-08-16,0.6276239928566263,0.20009841460642766,0.26788892856267477,0.003970748154934968,0.021697042760016366,0.1322921776532711,71.73967146360076
2025-08-17,0.6292936540500408,0.203245851877839,0.26607577324202686,0.0039678712201133256,0.02207084454467968,0.13234856670306472,71.8769645114174
2025-08-18,0.5564092278084932,0.1953855689665899,0.25967244448870785,0.003964995754034256,0.026972281771299126,0.1274266923545736,70.57619501813036
2025-08-19,0.5429652534159914,0.1817274017105537,0.2496306567400134,0.003961231005836697,0.025048179346767403,0.12089902601327038,67.28988647578078
2025-08-20,0.6796925805054658,0.19603460621651653,0.25651029162589173,0.0039610327401174315,0.0243182351634209,0.124866645843544,69.98995441833978
2025-08-21,0.6892375150590907,0.18935443081953068,0.24985132867230017,0.003957271754786324,0.02272141535685184,0.12151484400563389,69.3947241347114
2025-08-22,0.7151635186422077,0.2029651286076839,0.2516951701036369,0.003955293613485468,0.02437487062879655,0.13298887591779007,72.46356933022035
2025-08-23,0.6895416161324138,0.2007473537369525,0.2485385358918793,0.003951537277074226,0.024664060895966497,0.12987496399979176,71.2481745061222
2025-08-24,0.6970463068749468,0.2062094957156321,0.24204981994635763,0.0039513402968597375,0.028502769195959808,0.12681108356060716,68.44491336713685
2025-08-25,0.686923592004124,0.1870088785493164,0.22368658328343097,0.003952031435920964,0.026042696733636527,0.11802040071581792,66.22474738047013
2025-08-26,0.6665291978168602,0.19327392418676162,0.23220057896976704,0.003949167448733123,0.025190276830922443,0.12255424529135091,68.61725865464663
2025-08-27,0.6710468193181224,0.18718891504412222,0.22920889308095824,0.003946305750720316,0.024189654885539605,0.12109418980054269,67.10985829201564
2025-08-28,0.6879198119059292,0.19118983594200528,0.21624883478312296,0.003944333091050971,0.02249028047504945,0.1254825692487086,67.51086595741214
2025-08-29,0.6956788212835958,0.17877610791970397,0.2118187674204341,0.003942361417464918,0.020579273257791162,0.1188843815775341,65.85253242504119
2025-08-30,0.7213624666326598,0.17635654642292867,0.2163323259865705,0.003941277006907629,0.018953524592290497,0.11911617941296478,67.10182432631272
2025-08-31,0.6813242379763096,0.1746413638343995,0.21632342011898267,0.003937534779569116,0.01897067764868633,0.11671739726096148,66.55097090526264
2025-09-01,0.6651571890616057,0.1710794739668054,0.21045185209876893,0.003935566504289158,0.018799003602936418,0.11321748872118205,64.12472045574133
2025-09-02,0.6515110829949864,0.17549439350007578,0.207485864138624,0.003934484574098969,0.018679390512339862,0.11506672510587992,64.46185379171777
2025-09-03,0.6401236239799143,0.17494788273504602,0.1998577219441276,0.003936056674106655,0.019952793218631477,0.11546721400317156,64.88130906609433
2025-09-04,0.6489280179298776,0.17067312561957698,0.19276682531248135,0.003930552056111573,0.019830008618230602,0.11130763474479162,64.31596984212581
2025-09-05,0.6357855968303119,0.1721922844975845,0.1912607657074034,0.003928587271320648,0.019745546449467626,0.11228242035592441,64.9954242075547
2025-09-06,0.6169826918635856,0.17006793591748878,0.19281620316927767,0.003927506649566037,0.01690984232554708,0.11083406536800984,64.68970370101852
2025-09-07,0.630591807245343,0.17257700928465594,0.1917856728285612,0.003923777497128785,0.01932959472997227,0.11277375865600274,64.76827373322973
2025-09-08,0.6891124088936774,0.1765710328923792,0.2006727382672142,0.003921816098770672,0.020495016277746105,0.11562233642511233,62.72096850972819
2025-09-09,0.6827869050079483,0.17399315466260232,0.20662067703982606,0.003921619805828274,0.017375992617683557,0.1148531924366606,61.476472858972286
2025-09-10,0.6850558862590295,0.17843782659358826,0.21195608000548496,0.003918778069753264,0.01800096424065473,0.11785328448338778,63.34081236030426
2025-09-11,0.8591489152765148,0.18171136269870855,0.20749360639642778,0.003917700146178909,0.01845444733751639,0.11742850376599985,63.55775753005517
2025-09-12,0.8044891729162429,0.18468630472517153,0.2090940966273652,0.0039157417857367295,0.017317637599005647,0.11978839847104372,64.56733499098667
2025-09-13,0.7345756122968492,0.18787685670669987,0.21909006098038253,0.003914664909308122,0.01743686441493159,0.12141300013871734,65.78937266588933
2025-09-14,0.6914248058891974,0.17771386938570297,0.20446912802547773,0.003911828001169425,0.017829089577269593,0.11636286873418399,64.1701863299737
2025-09-15,0.7392753871873187,0.17251789675825116,0.19158903725337648,0.003909872576065855,0.01806070221604358,0.11240541881364777,62.691737053720985
2025-09-16,0.7740039064130521,0.17579585139089943,0.1847726366392651,0.003907918128430448,0.017321194920489346,0.11270133302335551,62.33441960739427
2025-09-17,0.9284934030116674,0.18048965879790568,0.1853347803247521,0.003905964657774594,0.016900722550240724,0.11573349976670615,63.59319710854626
2025-09-18,0.9450946299265807,0.18183123003682067,0.1858260643964626,0.0039040121636099248,0.01621341023572763,0.11633934652641123,62.48133091318918
2025-09-19,1.1253173922571136,0.1726822802635103,0.17660467325652157,0.0039029385129695014,0.01639419170149693,0.11124513253269958,60.959456423942655
2025-09-20,1.1442188092966523,0.17356747212987345,0.18211917880755302,0.0039009875314990295,0.01480959909690525,0.11104359143657452,60.650600959974035
2025-09-21,1.1254094613348995,0.17019391448068477,0.18721079087107345,0.0038981605351830102,0.0161684282612812,0.10879767289447373,60.07338381827533
2025-09-22,1.1414288278887095,0.15730935382836925,0.1691662395404245,0.0038970884938112947,0.015745890874447128,0.10109005139138441,56.02249952861723
2025-09-23,1.1790808028384785,0.15492963836958054,0.16864459316438224,0.0038942643230785645,0.015486494593759812,0.09998750388802238,56.96755111313408
2025-09-24,1.6455404527677613,0.1561567411438999,0.16956008191588684,0.003892317677618945,0.015710672530293634,0.10024709699772066,59.45269330979147
2025-09-25,1.3514904333288775,0.14826011230908057,0.1599812773019885,0.0038903720052387647,0.014928541294803362,0.09347839680310269,53.250943905222684
2025-09-26,1.3427760615264996,0.1526327396677458,0.1665070821602225,0.0038893021058071385,0.016396484076798567,0.09763470388250298,58.474579614309036
2025-09-27,1.3622615019231927,0.15047547600427236,0.16688190495486416,0.0038864835777712957,0.014767395319440308,0.09640552324395503,61.11488286416513
2025-09-28,1.401856499230071,0.1518274624941467,0.174713474712586,0.003883667302575145,0.014657322037365137,0.09733060907118643,61.115789747274505
2025-09-29,1.5492397164529763,0.15144633634994017,0.18863527898562768,0.0038834725259263847,0.015037363860662597,0.0974612490529802,63.06749090368308
2025-09-30,1.4970756841298274,0.15136877406580238,0.18504089304912422,0.003879785576459105,0.013562562643365072,0.09579399257450472,61.35148749992575
2025-10-01,1.5027896695938325,0.16059766380339768,0.18609036906345539,0.0038795909944896374,0.01294166095156085,0.10327666010337777,63.358402129587105
2025-10-02,1.4707189657933526,0.16350846397160224,0.19429764112068879,0.003877651683860452,0.014195099757013913,0.10598569602146744,64.52860381538062
2025-10-03,1.5378461936108478,0.16319665140393025,0.19484544473794638,0.003875713342644208,0.01402746702842978,0.10999028930089835,63.957527644913114
2025-10-04,1.5495928717651026,0.159257504250578,0.20742079333474472,0.0038729046622131297,0.014745230118395191,0.10733721067278143,62.14702116604135
2025-10-05,1.531544110213829,0.15834940285928567,0.20766972631150726,0.003870098226750587,0.013766013318191994,0.10816688535458553,61.47393936062221
2025-10-06,1.5526203027684187,0.16579468739597786,0.20773039600743012,0.0038690336933579253,0.014683211365127872,0.1103892842352819,63.37062266484852
2025-10-07,1.8015401503920292,0.15821216757849374,0.19014806107191315,0.003867099660059863,0.015372515710561691,0.10495402033562619,60.40908301556454
2025-10-08,2.0539283301364804,0.16172520151427436,0.2046599661550859,0.003865166593536736,0.014364946772011757,0.1068675006422433,61.26232137506063
2025-10-09,1.9274938099061774,0.15892199972252496,0.19821886572352193,0.0038649723538679705,0.01280151394744605,0.10260592824288355,60.363095060198646
2025-10-10,1.9174722648447702,0.12661974518826516,0.17017266524542057,0.003865646040717407,0.013464159684694598,0.0835927040026702,51.058145415169484
2025-10-11,2.0344908199051512,0.130779906391267,0.15639663399041986,0.0038619775772515087,0.012878027830764012,0.07849328188633344,52.38513895593295
2025-10-12,2.091053609873902,0.1459287049133165,0.18806732424949607,0.0038609144969837987,0.01358524227799216,0.08783646634072496,54.288831646738124
2025-10-13,2.21437880727034,0.15297286660404572,0.1751952939921415,0.0038581175300195433,0.013310733912576145,0.09150766884405646,54.59024647078163
2025-10-14,2.376834493903601,0.14715584747259058,0.1717533839165044,0.0038544554321012807,0.013648128139366045,0.08558380825585415,53.168738078427104
2025-10-15,2.136301280771131,0.14056017971174012,0.15595160178657236,0.0038525286861118674,0.013333465599855801,0.08167834386887517,51.43980365166196
2025-10-16,1.8657298282002142,0.13215096783789254,0.14505004604509406,0.003849736807308089,0.012935034851516234,0.07806584429732688,49.287056594167744
2025-10-17,2.0472503349353444,0.126512827717665,0.1438109155834725,0.0038486780830481715,0.012986620732860079,0.07738251328637746,48.17171454701623
2025-10-18,1.7654024958828543,0.12824182486893926,0.14134983243125307,0.003846754225011237,0.01157681448851291,0.07941654105309173,49.762532190045164
2025-10-19,1.7139506158769091,0.13072217869406577,0.14601453081202648,0.0038448313286628785,0.014335765481119598,0.0802698237697802,49.3863084495205
2025-10-20,1.4553206259246365,0.13293267676899817,0.14298526374933226,0.003842909393522373,0.013340127469277234,0.08209193729985288,49.686235876224366
2025-10-21,1.5038769767411968,0.12877562313233726,0.14221934740665823,0.0038418519503165857,0.012483177078566287,0.07926816353604871,47.842294728605765
2025-10-22,1.8655818520704754,0.12666687595964196,0.13940989108391771,0.003838204903390967,0.01200384477334398,0.077534572280247,47.1566508327455
2025-10-23,1.9869193169415436,0.1286406565778259,0.16549442980072968,0.0038362862806349323,0.012919992680126138,0.07977324269952642,48.218769528973766
2025-10-24,1.9535499732033434,0.13148472494076094,0.1747699396571324,0.0038335063800689607,0.012471370445320753,0.08091668504843408,47.611863675391945
2025-10-25,1.852346549038742,0.1310202646103189,0.17082598923686335,0.003831590105987369,0.01248192742844614,0.08098027265412461,47.53888056237451
2025-10-26,1.7032912085567113,0.13474739108219036,0.16769580881415488,0.003829674789803324,0.013108151882041558,0.08299607685392553,48.67889946322246
2025-10-27,1.6739271338470023,0.13102392407620994,0.17147935577104337,0.0038277604310379956,0.013659801779194576,0.08051017302371288,47.061130874379764
2025-10-28,1.6586026429131637,0.13005018852008837,0.16107203384664212,0.0038258470292127957,0.013490226592504224,0.07919626625808754,46.60327587605984
2025-10-29,1.6461220470660176,0.12932489773608902,0.15809667477622844,0.0038247946678309414,0.013101598369381417,0.07802859009741295,46.65479661169929
2025-10-30,1.5769151914358301,0.12213100078174005,0.14948968585975284,0.0038228827485166867,0.010183703882871657,0.07473453890984214,45.190768018704176
2025-10-31,1.6800458502318087,0.12454399645242073,0.15030617742732957,0.0038183937117430428,0.009063216703455963,0.07496927427797873,45.87325282462302
2025-11-01,1.6233633091335509,0.12553084369677056,0.15273670481823548,0.003815625797286549,0.009155979350488234,0.07715784497378257,45.8982595673706
2025-11-02,1.5088311654628306,0.12518831644922807,0.16077975306816017,0.00381629435745481,0.009009524024340262,0.07718407482865475,45.67866582292501
2025-11-03,1.506043442846998,0.11192650679210021,0.1429566915216395,0.0038143866872333817,0.008135867942115549,0.0686990437170727,42.184726662729005
2025-11-04,1.360102951659549,0.10789303784713584,0.12730767216547778,0.0038124799706086444,0.008229866322395817,0.06873820425636289,41.505542980309734
2025-11-05,1.3838941551151183,0.11297467404720055,0.12965295702217972,0.0038105742071039192,0.009446759305547621,0.07008236407871561,49.027051671032645
2025-11-06,1.3578155210104337,0.1096882319788495,0.12660034126321532,0.0038078123467267734,0.008814626279828446,0.06800563671220644,46.248843570072125
2025-11-07,1.3092200411251071,0.1257828608851656,0.14246894594778756,0.003820468284727403,0.010311713120188266,0.07696908803790896,49.72145114145413
2025-11-08,1.4124636607550853,0.12369031498233068,0.14237804800468365,0.0038040064376517434,0.009284028379218599,0.07630312892629335,47.75614111535549
2025-11-09,1.289925255045227,0.12351343508154221,0.15979962935714015,0.003802104909854482,0.008559037494692886,0.07573811810464093,47.112729855982806
2025-11-10,1.3248694855971366,0.1309369853948477,0.15402714801790932,0.003800204332583468,0.008391000497881837,0.0797341286884262,47.46158049689143
2025-11-11,1.3121397863449502,0.12325260809304679,0.14575524847849938,0.0037983047053635564,0.009216000454200086,0.07571487440046809,46.37527965992865
2025-11-12,1.3591711552507022,0.11887863928550892,0.13950169162741646,0.0037955519433031685,0.008688652825872287,0.07421560244010068,45.92789713118052
2025-11-13,1.2797115233344283,0.11629295141022629,0.12488748598452554,0.003794508299177653,0.008387196070978865,0.07300692329698798,50.919543202223544
2025-11-14,1.3288619690690977,0.11110171561523259,0.12400748236025533,0.003791758288503403,0.007891856288969904,0.06911171953650937,45.449720430250935
2025-11-15,1.317619387938527,0.11280079422180529,0.1168178523166624,0.0037890096817921565,0.007949696154975547,0.07066032242064058,46.90664862399173
2025-11-16,1.3134827364728658,0.10957734600231588,0.1111734230820924,0.0037862632725436727,0.007842536103068617,0.06808663016699175,45.575634714192354
2025-11-17,1.2520910246805865,0.10487767836910096,0.11192312771393503,0.0037835182654286426,0.008455343267256351,0.06555984984082142,44.158515704590855
2025-11-18,1.1985066260505826,0.10785386121990732,0.11433290119047963,0.0037833304277748417,0.00833667936763429,0.06726122057300568,45.082664583583124
2025-11-19,1.2449304976431523,0.10437224672899718,0.12693701429941945,0.003780588135052064,0.008309339576582267,0.06503081311048074,42.78021670044739
2025-11-20,1.3187534972207124,0.09883022527361254,0.1258542161865292,0.0037769965674585362,0.007490273147162529,0.06170992660891937,41.30329437220079
2025-11-21,1.5620947867073371,0.09370458529510704,0.11543888657788937,0.0037776596862525848,0.008156458097407747,0.059630271258112676,39.486167267966074
2025-11-22,1.7062407343450836,0.09287325024553542,0.11410616117592161,0.003774921503885354,0.00906572778282722,0.06005927946207895,40.91288969407322
2025-11-23,1.6915772468706685,0.09819985298489045,0.11433457767426611,0.003773883914766723,0.010715680009814892,0.06014976619110306,42.7542057066093
2025-11-24,1.5536616013554194,0.0981037904939794,0.11401927925690906,0.003772846815143173,0.011330127248291948,0.06160091143094593,43.402380736007366
2025-11-25,1.5213127736215735,0.09983431672480321,0.11374246215967483,0.003770960863262862,0.009952456045054354,0.061388575862942704,48.51724376888651
2025-11-26,1.4228355705941034,0.09965523689271318,0.11910805403273528,0.0037707725025556953,0.010723982729785793,0.0606889984411623,46.30533356048837
2025-11-27,1.484969874087876,0.09822305421931765,0.1264362186480514,0.0037688875875724324,0.01010050189246116,0.06108097433134668,45.54059573206624
2025-11-28,1.514219435212959,0.09749887139752882,0.13619518278903558,0.003767003614811086,0.010465088696849676,0.058760000165524726,50.81499959191403
2025-11-29,1.4365136851018416,0.09480549971510964,0.13633209567415694,0.0037659674392663605,0.009031534544587407,0.05796719436681752,51.92289908455022
2025-11-30,1.4221020502565278,0.09287908313979912,0.1247447865704524,0.0037640849262142086,0.008560984063280022,0.05599824659841024,55.32270276929166
2025-12-01,1.3675446092865355,0.08835625513853701,0.11228475883909844,0.003760510942073872,0.009005893745854069,0.050696989709133305,54.58965151274619
2025-12-02,1.4148938200509664,0.09393645413386995,0.12538300478560863,0.003760322722703267,0.009297435374678541,0.05326528113735159,52.497210521361204
2025-12-03,1.4421722556355627,0.09719597820659748,0.13324805813985482,0.0037575978678565775,0.009265660871002477,0.05332585066683496,51.45697809874333
2025-12-04,1.4065641555185906,0.09352786900899332,0.12020076518725957,0.003755719538544109,0.009340961879158671,0.051352401646326915,50.18415711876362
2025-12-05,1.4847692031975792,0.08957628499837413,0.11637417683105208,0.003755531178829332,0.009244534256986148,0.0509329107281856,48.66647513357549
2025-12-06,1.6065128006792977,0.0900098417311709,0.11364530682384343,0.0037528095928920486,0.012264916151887134,0.052227640361122867,48.249282904907325
2025-12-07,1.596288650755142,0.08931438122175138,0.1164966078007377,0.0037517775247903266,0.010784338229949043,0.05116223714485989,46.8654311917146
2025-12-08,1.856157114879853,0.08968922052186594,0.12012250780424336,0.0037482156059009744,0.008657251611676724,0.05233919555546565,47.338182489835276
2025-12-09,1.856891511210893,0.09273359448793415,0.12079487849874115,0.003745498942321076,0.010795444864429864,0.05400423278595827,46.752467673333285
2025-12-10,1.822406689495987,0.09061149369391483,0.11564386964397817,0.00374446926377833,0.010723807275992247,0.05265247682754053,44.8784046300663
2025-12-11,1.9362087412743443,0.0869853311017055,0.11700984782712216,0.0037434392866729596,0.010357291991497502,0.05108175277875354,43.0167592705833
2025-12-12,1.877721546374227,0.08220204339140055,0.11483399564120551,0.003739884905487852,0.010487048771570293,0.050181681620134734,43.53132457979741
2025-12-13,1.932246305932553,0.08150044421101714,0.11321123082910661,0.0037396977184821793,0.010951698428750585,0.05020506113639731,42.74441567952312
2025-12-14,1.88851950625616,0.07938280082100488,0.11420890474049797,0.00373698780919917,0.011102301519379083,0.04728066014048166,40.728798195473004
2025-12-15,1.828605815054339,0.07693950000288771,0.11070660156878939,0.0037342792833972415,0.011216222839969703,0.0457313508775962,39.72426310592588
2025-12-16,1.7895443072060793,0.07777554705313945,0.10347870999634273,0.0037332526892612005,0.011255500663970136,0.04619378429765994,41.25292802735022
2025-12-17,1.8940760186146401,0.07402670342290602,0.09074110473267856,0.0037297076026697714,0.011575841693077552,0.04468026242448368,39.311478095919306
2025-12-18,1.8823130714659548,0.07124130214026074,0.08621360838909496,0.003727843215004194,0.010775973539414991,0.04193362255008345,37.913492435358734
2025-12-19,1.885898782740903,0.07612499740379712,0.08645144976611292,0.0037251409396744876,0.01226425998932463,0.044421279867637775,38.90008609909669
2025-12-20,1.927293979439158,0.07604617683713265,0.08994040758758252,0.0037241172350896455,0.010995546439785543,0.044592165499583176,39.54434254979109
2025-12-21,1.9623082466068735,0.07374027578153503,0.08967595060016083,0.003723093233012164,0.010605964703713645,0.042848824371337815,40.29762534962791
2025-12-22,2.0003193592547293,0.07388428675656862,0.09291273986676786,0.0037203949792926423,0.011641501422597036,0.042216504431450384,39.10426793269404
2025-12-23,2.1846885249539847,0.0750325627218063,0.08681268947877534,0.0037176981031126458,0.013361057624435456,0.04134268200133052,39.186806882663
2025-12-24,2.6372993101685167,0.07448286923570199,0.0967423353280095,0.00371500338303776,0.01225182269477189,0.04102650064448313,38.329549755308626
2025-12-25,2.927617295234452,0.07535821552967865,0.09255692001330117,0.003713982263239123,0.013165239405141504,0.0401992574442847,37.471838525086476
2025-12-26,3.063078750699974,0.07771478466016817,0.09313909213214248,0.0037104543476493544,0.012840817715178962,0.04077395479377321,37.46140183621019
2025-12-27,2.769894286975957,0.07881276371836396,0.09282525194686816,0.0037094350552531034,0.01233196455680425,0.042439440680225794,38.54141852196649
2025-12-28,2.5582508355030504,0.07861652350189624,0.09519658092475047,0.0037075808013275883,0.012829996910705348,0.04160363336612147,37.722692981223176
2025-12-29,2.703414204158791,0.07684935771456963,0.08533436532524322,0.0037040585908722965,0.013057905715023008,0.04023091751529394,36.32067942820355
2025-12-30,2.7389492791675205,0.07515037487647225,0.08083805552559407,0.003702207024507026,0.012680227422773117,0.040648407797250305,36.14742131756305
2025-12-31,2.767842321188388,0.07211653511373818,0.07096364871375455,0.003699522581917727,0.012113974124600444,0.038986262922698765,35.59330672234583
2026-01-01,2.805612046672005,0.07839224977597459,0.07870928490212263,0.003698506667969151,0.011920090294546491,0.040849497699404075,38.657860086277985
2026-01-02,2.591642435509083,0.08308014169308461,0.07700773848808205,0.003699988974858836,0.011724892157673819,0.04553116951753294,40.39699086981096
2026-01-03,2.46436544939966,0.08333193001926521,0.07846247976236767,0.0036973068907822566,0.012024000786764804,0.04509124996750927,40.529862785363306
2026-01-04,2.5830721907807614,0.08841692588376167,0.07875437091242307,0.0036962908352619543,0.01219203735098575,0.04875720123824068,39.647345934973764
2026-01-05,2.4982479038851473,0.09077412947964411,0.0766952407763924,0.0036952744844718603,0.012119794288268563,0.051115146279565406,40.286698148361964
2026-01-06,2.323588663344872,0.09246849865903108,0.07642170404972339,0.003692596391956215,0.01218751305780891,0.05378266474501182,40.188484633431344
2026-01-07,2.3429612257075063,0.08834023118027715,0.07359736781255428,0.0036882582763654837,0.012177829347858538,0.05101870919084306,38.18234207023575
2026-01-08,2.451792523011356,0.0870683880823997,0.07725529650739213,0.0036880751680169457,0.012116648620340984,0.05045011756047305,37.795229588972475
2026-01-09,2.5785017029280954,0.08612363041441022,0.07975023841313893,0.0036837421899392994,0.011853566325570662,0.0497498545031017,37.84990360109277
2026-01-10,2.613557548733172,0.086380024566508,0.08046516624245677,0.0036819007792353686,0.011745134060193037,0.0479138711011825,37.343422641380066
2026-01-11,2.446674049289186,0.08527273787832285,0.08036193470678248,0.0036792310605524513,0.011937458636272559,0.046471892775135915,37.32049025265355
2026-01-12,2.3828157729660764,0.08315285345275081,0.0823361304777953,0.0036782207187930262,0.011287420537821773,0.04474744964115358,36.39120791279391
2026-01-13,2.532300835936573,0.08915658350983074,0.09406866969451404,0.0036788664957334407,0.011875664441425212,0.048814270663943046,38.56100190205243
2026-01-14,2.6226643131837566,0.08787843336004433,0.11228262313004127,0.0036803386935067312,0.011936924735767658,0.04739310327452411,37.31432943039068
2026-01-15,2.7603426998809764,0.08226467197211153,0.09840771360883471,0.0036751894680579645,0.01161439469920875,0.0451447161677832,36.70436264661078
2026-01-16,2.7317020842788646,0.08362263508069713,0.08698204083436804,0.0036741794906183073,0.011723086240277068,0.044371256665412764,38.92810508845543
2026-01-17,2.973879857649663,0.08422270304699728,0.09455600896690279,0.003671516115572262,0.011686572458180628,0.044450625037200354,41.952218675683795
2026-01-18,2.800444964834793,0.07868047868549677,0.09853200642005015,0.0036696808163775097,0.012164818545813683,0.041106338902363204,39.362304505709545
2026-01-19,2.7576043581548553,0.07727554057150605,0.09742170166251966,0.0036678464346029806,0.012087766802629773,0.039779289918487074,40.7254411290412
2026-01-20,2.6306322105038196,0.07300700143017531,0.09101401721963422,0.0036635372224884527,0.011736766537622558,0.038423511741555394,37.84945600874521
2026-01-21,2.742588413253837,0.07497483406304063,0.09170267889397259,0.0036625306202817285,0.01164771382118431,0.04035853319855831,39.66161042241813
2026-01-22,2.6026457480844307,0.07550188363252257,0.08707189343905201,0.003660699812711622,0.011681699189559927,0.040536204967906504,40.298026586715054
2026-01-23,2.4931288493818684,0.07642615773327609,0.08934894828388068,0.003658046036074129,0.011626785857091409,0.04130237327386532,39.09917060899338
2026-01-24,2.614913002989292,0.0752814039802837,0.08287398650584266,0.0036553936142868404,0.011532564312173843,0.04069885382899836,38.86715290164262
2026-01-25,2.4543102906846155,0.07274497176092423,0.07657588727644764,0.003655212879221472,0.01139988424747785,0.038165668130855236,35.95529406296074
2026-01-26,2.474795201164066,0.07744706317818997,0.07817094066473367,0.0036533857296073306,0.010659788377099586,0.039585651442883514,36.47673417431768
2026-01-27,2.478708466444577,0.07723572073505479,0.08614144313138938,0.0036507372552190952,0.009974610883987382,0.03994574970505677,40.07731661982048
2026-01-28,2.460950364593985,0.07905216947269955,0.07619149207770542,0.003647268305869825,0.00918715896882607,0.0391472863344492,37.66343472288648
2026-01-29,2.3224847391397794,0.07225455179950692,0.07094362944480638,0.00364626654384286,0.009151794954089472,0.037078275679067366,35.233318074914784
2026-01-30,2.101214085975917,0.07062187980648191,0.0663825842984697,0.003643622860590383,0.009034190741658888,0.03535525567522347,34.02308755815959
2026-01-31,2.0884198340124644,0.06542030577115784,0.06653079910820887,0.003645084650098856,0.008455647869767841,0.033165163303799164,33.33079823067473
2026-02-01,1.8115752054975605,0.06332228343793078,0.06400197282647443,0.0036432625633334584,0.00842927738515171,0.03211466537644971,32.96451613181178
2026-02-02,2.2525601544572518,0.06592481130012263,0.0639699798389746,0.00364144138738372,0.007732176996849764,0.03369318755403979,32.90771802884782
2026-02-03,2.1033539346040975,0.06654752760379624,0.06462888618414286,0.003637162262576648,0.00772702393006498,0.032864810085011804,31.747239280731364
2026-02-04,2.1117106408618995,0.06461974360071594,0.05891010515723153,0.0036328868873613707,0.007621470899541144,0.03495394305308007,31.85986448663088
2026-02-05,2.3168214438152157,0.055360050389653324,0.051715946707150864,0.003631889444314565,0.0069653522039038645,0.03008931356146585,27.212379664738286
2026-02-06,2.327646473244852,0.06189355764260182,0.06237655364569128,0.0036349839198297094,0.006656074038530109,0.03288704853897726,31.5026719203805
2026-02-07,1.9484829068199847,0.06111568080620529,0.05743217253073564,0.0036323491539426,0.006643224263070282,0.03175978475618755,31.250213200088055
2026-02-08,2.057189382270794,0.06056824797037455,0.05462313695737706,0.0036313507527961602,0.006423236821678022,0.03096473272883511,31.53000579394428
2026-02-09,1.8537468998854847,0.05985285873365153,0.05573322788429619,0.0036295355312629626,0.006284511387839269,0.030645666935512465,33.220926295851775
2026-02-10,1.9366586966619537,0.05711349514194141,0.0506239461800814,0.0036277212171136664,0.005921534859308798,0.02994651112082014,32.87591488728727
2026-02-11,1.8230031359239425,0.05535000521585615,0.05248342557054499,0.0036259078098946932,0.00530805455953186,0.028686627506317126,32.686014700305314
2026-02-12,1.7454791244545522,0.05706995041424443,0.05367528421937991,0.0036232796226955163,0.004848624439137325,0.02974632213806589,32.499655549708635
2026-02-13,1.6276676105729235,0.05840994844876091,0.05466941463216422,0.0036230993728796857,0.0047608271653194496,0.030261744775985422,33.27121520588267
2026-02-14,1.6824105598175483,0.06185347342984002,0.05493876514711706,0.003622103147183622,0.005394140272900767,0.03190210320359465,35.46529249777104
2026-02-15,1.7465511873000639,0.05938453076859853,0.05669782129737884,0.0036186632412583963,0.005383697596338898,0.03024532317803648,33.2633310897849
2026-02-16,1.6394611706013693,0.05854327814243821,0.06171451083974547,0.0036160403051807457,0.00535806003966871,0.031030151858395246,32.8155803074889
2026-02-17,1.5955683638479283,0.05752952777543634,0.05592253874825618,0.003615046386745799,0.005286105094936339,0.030242146861778552,33.16764965146939
2026-02-18,1.7180638360943106,0.056147474789209256,0.056900796816802435,0.003614866180268492,0.005260561958155128,0.02919930849393344,31.833443195399454
2026-02-19,1.7196096543347954,0.054904902852709894,0.05928295337851689,0.0036122463624164982,0.005263885277307454,0.02958400487907326,31.174798932348438
2026-02-20,1.528709765383895,0.05575349472348374,0.059793708393501406,0.0036104406906908395,0.005139048169581328,0.03075499359894519,31.348950915472084
2026-02-21,1.4174074960103884,0.05524471709421451,0.06269507553694702,0.003608635921575372,0.004999976596607711,0.029871056946764903,30.87441266370138
2026-02-22,1.253320959280089,0.053367947111318204,0.06543928108027516,0.0036076436728229026,0.00495802213407234,0.029538627888004,29.80992695151781
2026-02-23,1.3260710379404874,0.0514973223576383,0.060337784468774025,0.0036050290893704685,0.004487020669353451,0.028703752963014386,29.153566155461007
2026-02-24,1.3281851395194584,0.05125327160402271,0.05949420281239916,0.003604849017008741,0.0041822714921809796,0.028469911766332262,28.803273833586157
2026-02-25,1.3728025949330778,0.055687125429758295,0.06174949545404231,0.003603047043031272,0.0041280909065597,0.03060352883866361,29.93024186839527
2026-02-26,1.4020045415212088,0.0538929328263528,0.0649091170870414,0.0036012459698155823,0.004071714646829526,0.02991032707862319,29.398288765657064
2026-02-27,1.4309377124990637,0.0528937361403816,0.06030063365380031,0.003598635828138287,0.003939934506466381,0.028905885595932764,29.743647942771947
2026-02-28,1.45945659498806,0.05368857695205426,0.05649640351777358,0.0035976465238686944,0.00390789203673671,0.02941715308511577,29.2958040305226
2026-03-01,1.3665467232064,0.052234471577373716,0.05610089149113602,0.003597466091952479,0.003829156719109427,0.028256010383388194,28.415206761671215
2026-03-02,1.2759297957662223,0.05357258438489797,0.054181627078153195,0.0035948590537841093,0.0050544325872691675,0.028547043135695376,29.012688655558293
2026-03-03,1.3190580881072953,0.05243515851424404,0.05305787188783067,0.0035930620735397157,0.005786517267200624,0.028132975342467743,28.740559002121383
2026-03-04,1.6116038464904916,0.05401344498821713,0.05628013056447511,0.0035912659915608588,0.005608135474444347,0.02909335817262939,29.80181261773925
2026-03-05,1.4563245509101417,0.052955698688889774,0.05107285598965425,0.003588663640841391,0.005975769221292399,0.028095866389886426,30.080800248867778
2026-03-06,1.4443513484207204,0.05117287386408133,0.05014032133671006,0.003586062618691483,0.0050439771290675135,0.02744569396408397,29.661470558526396
2026-03-07,1.4289965568418375,0.05028727678271429,0.05045481040641965,0.003585076770934409,0.004940013431341266,0.026845826036199748,29.34203869395985
2026-03-08,1.3810598834177434,0.049492583036237034,0.05043523513328226,0.0035824783485065735,0.004921716189702074,0.02688889898371577,28.3535724175825
2026-03-09,1.3098246489535907,0.050260694531644085,0.05191030049263303,0.0035814934861044968,0.0049034407930214335,0.026638346115126922,28.789867253645752
2026-03-10,1.3220510677224977,0.051512682836005734,0.05153644852599376,0.0035797031869735253,0.004908414691306068,0.02657376525459236,28.514134357082302
2026-03-11,1.4255847594155262,0.05192815213857163,0.04936071910348324,0.003578718531454445,0.004302389748836716,0.026494645399307983,28.14334663647313
2026-03-12,1.445410554300734,0.05359955754433187,0.04721852861707149,0.0035761252730416773,0.004474616059191847,0.02658708352824857,28.948200030558258
2026-03-13,1.428924129815358,0.05652430054799206,0.049399034333189304,0.003574337657346322,0.00439012750446785,0.026633891746245128,29.195446206978684
2026-03-14,1.3244436321508506,0.0546391919289313,0.04981558498444141,0.003571747018504553,0.004521710035006142,0.02655981288735293,30.083580186163974
2026-03-15,1.3217185553245772,0.055470527957216624,0.05087677217671265,0.0035707651062622304,0.004848021390198387,0.02681491865106382,30.032541292673876
2026-03-16,1.4042291542577352,0.05827180237721531,0.04796885764161145,0.0035681770567644153,0.004392550345698103,0.02816029409973835,30.76296619907471
2026-03-17,1.4472276319423065,0.05671719032780885,0.04786543017618854,0.0036602882679531087,0.0037840547696540573,0.02765565059186806,31.434017993579467
2026-03-18,1.3634357153340022,0.05389281499348688,0.04643860152326878,0.0035654129737057788,0.0035579499925167068,0.026232691122723525,32.8718419147824
2026-03-19,1.3368059869236375,0.05319047642364204,0.04506609847248629,0.0035636307128212776,0.0035540892453806107,0.02572542437415981,33.0401009284702
2026-03-20,1.3344403484931275,0.053614530541255895,0.04470060597568677,0.0035618493428444735,0.0033835126876212798,0.02548106744525877,35.3955256100724
2026-03-21,1.312216855898241,0.051730332333805,0.04050228994480598,0.0035592677553894837,0.0032510948390760673,0.024579220771760724,34.09911462407049
2026-03-22,1.2999496888780233,0.050913748709004954,0.038775347036960325,0.0035582892738328068,0.003292039067596399,0.02351538110886685,31.757491333367792
2026-03-23,1.307843234063478,0.05196220162559914,0.03985372045450712,0.003557310508558437,0.003238592285169681,0.024131509933103205,31.462994776968575
2026-03-24,1.210351029240516,0.051788233776265825,0.038085621543931185,0.003552333413968704,0.0031057889495651305,0.02413687622572323,33.69379901359286
2026-03-25,1.1273224090815543,0.05185769964899077,0.03969079230290719,0.003551357198555205,0.0031066863627630843,0.02437071651071493,33.697809348925425
2026-03-26,1.1357658646367463,0.04976346479701034,0.03940810943130613,0.003547984120481525,0.0029481987129708867,0.023374042584360762,32.64917635777732
2026-03-27,1.1036307031526,0.04810883179464381,0.04010787238606599,0.0035478076164435044,0.0029462339021719434,0.022341815672298745,31.113738263665052
2026-03-28,1.034238383590039,0.048194544179398044,0.04003435014142583,0.0035436396007981073,0.0029376076018876865,0.02228541068175445,30.831124216561186
2026-03-29,1.0184600999007534,0.04781434534373758,0.0398380429700098,0.0035434636722306116,0.0028757235891113046,0.02158365563757045,30.032064311831586
2026-03-30,1.039054050440943,0.04842648197176058,0.03724916612304655,0.0035416923832536423,0.0026593989567980595,0.022087732786848547,30.449383899723383
2026-03-31,1.5802051744780077,0.05537793192207129,0.054153951939193146,0.0035383281259989113,0.002753676552098297,0.022022225092118906,30.39970824372652
2026-04-01,1.5674898505576227,0.06020941406851532,0.05965076505865869,0.00353974551809967,0.0033218498899730705,0.0237368537307068,30.636212943106813
2026-04-02,1.6321344227325767,0.062410798608728384,0.0553051593188302,0.0035379760877350744,0.002941851169888252,0.023722770009892234,31.863204803758624
2026-04-03,1.5886197957676471,0.07216833828696362,0.0544961092943253,0.0035354119947777285,0.0029642237840407483,0.025582134724387456,33.06195845975335
2026-04-04,1.5705262657237342,0.07052175740465262,0.05209481189261388,0.0035352353998122513,0.0029099300925112498,0.024470713302519598,31.689465243488787
2026-04-05,1.4125205396575904,0.07103895576464063,0.056967931400161945,0.00353187834989986,0.002885162798050387,0.023629976175704295,32.50633796077949
2026-04-06,1.3327228552010502,0.06954993468340981,0.05417288931338037,0.0035309072067968364,0.0028479168983470875,0.022967848435740464,31.805542712259317
2026-04-07,1.3177498105733032,0.06863720716831696,0.055629258180723375,0.0035291421944832874,0.002787186551514489,0.02372615341555444,32.287767231388976
2026-04-08,1.3065962681828758,0.0665983512087415,0.049893668123561205,0.0035281719947721354,0.002748583342904755,0.023140910951157515,32.315965111260184
2026-04-09,1.3183029574830603,0.06528489451614979,0.05023922046149768,0.0035256148162718577,0.0027026860388623944,0.022626047786835395,32.029212410035875
2026-04-10,1.3120743676863131,0.06405123162762058,0.0483165871935464,0.003524645586275479,0.002672995235963453,0.022718815870275952,33.5160672034189
2026-04-11,1.334846069614281,0.06295347360162044,0.04603525082747142,0.003524468815558042,0.0026338080949506798,0.02265014452413075,33.0731756516275
2026-04-12,1.3424431906159024,0.05919141758885459,0.04349873773798535,0.0035203303583817036,0.0026034673930130344,0.02145666931498484,31.60840060748419
2026-04-13,1.3112584742416495,0.06335189265869254,0.04019120020324306,0.0035209461083896268,0.0023285211025135012,0.022157314634298507,32.35816866237638
2026-04-14,1.3302301366926548,0.062437515386340445,0.03674530458763969,0.003519186075380352,0.0020488162188579675,0.021520832928386434,31.362247239556105
2026-04-15,1.3438242554006417,0.06519227203346409,0.03426623970078862,0.003515053821236341,0.0018689663364411999,0.021779611671551437,31.42088209024657
2026-04-16,1.3127695324311013,0.0669592192821652,0.0397578077856236,0.0035132967336342293,0.0023260617495559173,0.02307321423535753,31.846449167059912
2026-04-17,1.331081446513335,0.06408327283535571,0.04138149997006966,0.0035131208877159114,0.003514527102125034,0.0233752478155386,32.447252286401664
2026-04-18,1.383834869157181,0.06156621895380098,0.04305173389891689,0.0035113647663389835,0.0030179528866619,0.022095197642254774,31.21195850495367
2026-04-19,1.2698443087099263,0.05851130691915602,0.04021052836083122,0.0035088203147034132,0.0028598189891708937,0.021910877168263225,30.63531290442474
2026-04-20,1.2826459656084728,0.05951127286987004,0.041208224713821004,0.003507855156669947,0.002364339806920921,0.022519675936272642,31.090969975959982
2026-04-21,1.2681202840512131,0.05931088440918861,0.03794570440172286,0.003506101667500435,0.0029026371625434423,0.022480481942858663,30.82780589721602
2026-04-22,1.2575243239536769,0.059184916886753224,0.04082101658999016,0.00350356102968124,0.0029414756164569816,0.022325179749100713,30.655446308843338
2026-04-23,1.2552034940804877,0.060035911079775524,0.03913912376549455,0.0035025973182995643,0.0029402427251492063,0.021957778673113614,29.433180738910863
2026-04-24,1.2471452245475514,0.0629167981955127,0.037010862483621426,0.0035000592198482935,0.0028946561500745767,0.022332164469598754,29.85034574092835
2026-04-25,1.213877835377037,0.06596302215204716,0.03657838863436053,0.0034990964716963037,0.0023848105400876606,0.022144438983148062,29.23471811906579
2026-04-26,1.2081229368996067,0.06855879844355466,0.03949186621237801,0.003497347360774626,0.0024696329133487827,0.022186345295844047,29.388238908913003
2026-04-27,1.1396252341637478,0.06665255131773082,0.03613927625407789,0.003494813066617098,0.0025253145125655593,0.021740783015328658,28.904899324045918
2026-04-28,1.1300245120911665,0.06376077514430013,0.0382099768814575,0.003491494401642275,0.002725957185527171,0.021305301826945938,28.57845200512941
2026-04-29,1.124749527439004,0.06279675182942479,0.03682498195354647,0.003489749090805523,0.0028582098287905614,0.0210100140097232,28.663125179913955
2026-04-30,1.134288993713492,0.0626103916845157,0.034178989492244495,0.0034880046524060635,0.0026680089487707017,0.02067327848866413,28.373629195932015
2026-05-01,1.0941733938496323,0.06165205106094477,0.03403636003667703,0.003487045573036414,0.002690113888550251,0.020741149996986244,28.265896968766352
2026-05-02,1.0790256140013514,0.06398463074506923,0.03639490453674085,0.0034845183911747946,0.0025740476788992826,0.020943727957885943,28.178533273598884
2026-05-03,0.9757737407591667,0.06418027678401468,0.0410031681215779,0.003483560270405135,0.0025441442114291146,0.020600582408005164,27.919070697485733
2026-05-04,1.0590252424087634,0.06324131219838935,0.04113858378734491,0.0034826026016624555,0.0018216067630819164,0.02064495971394266,27.514398157158524
2026-05-05,1.0669092640372082,0.06784665166280365,0.04295359748296506,0.0034792955317119153,0.0021509795355038005,0.021683386142497766,28.0576069758022
2026-05-06,1.0746128737070058,0.0674818647652306,0.039760608627327866,0.0034783388470460636,0.002412829329132421,0.022183137721556192,28.722226530020354
2026-05-07,1.0179577255468966,0.07236854864253131,0.037047226543281395,0.0034766001123424403,0.0024609593836459405,0.021746276116543596,29.373983503487207
2026-05-08,1.0334810761746476,0.07511458852361026,0.03864103144930523,0.003474862246788863,0.002489574600298611,0.023068738974993425,29.735546867215326
2026-05-09,1.0144581400161155,0.072411419495886,0.03805432440510356,0.003472343894602813,0.002390011282435289,0.022860736954092346,29.699556824759387
2026-05-10,1.0007075863660122,0.07254278116716002,0.0404849604068568,0.003470608156626167,0.0030826424633362552,0.023433486649369225,30.36263964943984
2026-05-11,0.9394726540778281,0.06907019215819844,0.03871349944947497,0.003468873286301578,0.0031877076682458915,0.024345332330862186,29.448747989246016
2026-05-12,0.9379617612075628,0.0684609699733534,0.038758916998154556,0.003467139283195329,0.002980826804898509,0.02314710531760324,29.618305886748676
2026-05-13,0.9359469046414388,0.06607901990745935,0.03732155909153743,0.003464625989473123,0.002935044168728081,0.022379914510043657,29.642563344456896
2026-05-14,0.9477647179457876,0.06634428694442157,0.03583495378095364,0.0034644532813034473,0.0031060027167952847,0.023026260929222702,31.417872410864252
2026-05-15,1.0392898019806622,0.06325337683736576,0.03452436242758405,0.003461942472852695,0.0031154046383761263,0.021388201835670917,31.484310019168714
2026-05-16,1.0114600176993704,0.061514446140936666,0.03396194348849878,0.003460211934286963,0.0030223290589033126,0.02076863430566792,32.36189486103086
2026-05-17,0.9767569172288024,0.05998627515843706,0.034675895450768886,0.0034577036621289635,0.0029129066260284516,0.020217174743291683,29.960786200111716
2026-05-18,1.0099033805015254,0.06056715667916866,0.03443915894427575,0.0034559752424388303,0.0038562420208781635,0.02056444388626496,30.330476420675996
2026-05-19,1.0460411239032321,0.06260910415787341,0.033513669565163356,0.003452692407984737,0.004123264850341876,0.020411823820898532,29.174609616592186
2026-05-20,0.9987027796350901,0.06526274398444659,0.03228830173941773,0.0034517439249181596,0.003981879983324816,0.0203673906107376,29.44787017802504
2026-05-21,0.9404471795954021,0.0635749831912906,0.03506029900131156,0.003450018484351789,0.0038813882493855933,0.020738628880461886,29.12957814371474
2026-05-22,0.9815435429471865,0.06182180255835843,0.034201082148947674,0.0034576115918208564,0.003609747365608184,0.02104105589271286,30.515514732478024
2026-05-23,1.059352806004899,0.06348327027027348,0.03448122217054461,0.0034442417526435354,0.0034704081277189425,0.021029487314611604,31.41190293636729
2026-05-24,0.9914740601217571,0.06171586647419542,0.03872796456693051,0.003443295940539055,0.003935639843316534,0.02035353861781153,31.517266898800578
2026-05-25,0.9783188906291878,0.06217678949257228,0.033793954059302814,0.0034423498523511484,0.0035776064867669897,0.02073814143931844,31.406969112027546
2026-05-26,1.003440700918716,0.05981916457685981,0.030667319912591518,0.0034383045208756322,0.0036520936593725135,0.020310869935707097,29.58637928727916
2026-05-27,0.996931256117418,0.058594140519021225,0.030606291977390794,0.003437360153031727,0.0033082373961391717,0.019883064597939454,28.457160650617407
2026-05-28,1.0345162179073144,0.06344474631949243,0.029557514090745047,0.0034364162306610917,0.0031020270132972763,0.02142398071448108,27.960562754882325
2026-05-29,0.9780708401400897,0.06738420943574386,0.03023138225320547,0.003435472032758645,0.003397595367731857,0.023421404318214215,27.8804933957463
2026-05-30,0.982237569914092,0.06807643005688233,0.034477528153676516,0.0034322079778995613,0.0034130778987861107,0.02225243541678623,27.810604943984288
2026-05-31,0.9293558147890005,0.06976166003030099,0.034144144505699275,0.0034297194953267457,0.0035668718442524875,0.021677462794287956,28.020006396589096
2026-06-01,1.0366199355597887,0.06565680136269227,0.033685923802562134,0.003428777485453759,0.0037325106719139594,0.02048866706534505,27.812270320970903
2026-06-02,0.9639537896623978,0.06140495749868721,0.030240478174404322,0.003427835919941749,0.0032688182832024825,0.018804587573656575,28.8312443034765
2026-06-03,1.0072331378749946,0.05813232468452049,0.029611762950596875,0.0034261224303898637,0.0032100009501132565,0.017894031476830715,27.517616356324144
2026-06-04,0.9435766138172221,0.054696945678004046,0.02959310409340729,0.003424409797368604,0.003307620859300207,0.01690487459659277,26.854099389418508
2026-06-05,0.9692286762227705,0.050764678505878395,0.028101747160773814,0.003426553128210228,0.0032439039747367356,0.015699749951839943,25.354898201628263
2026-06-06,0.938473505356119,0.05020833542256779,0.02874584904303988,0.0034240697873039756,0.003199347913061578,0.015852869622127962,26.769505336587596
2026-06-07,0.9899883545740008,0.051270756746711874,0.03056166532974624,0.003423128287787633,0.003197215725261107,0.01645804293857063,26.62916472647803
2026-06-08,0.9656454015498066,0.05002232374074579,0.029841934859021826,0.0034206474289810297,0.0032099031012972376,0.016540047510209044,25.62619268245357
2026-06-09,0.9479809479130996,0.049482688850957295,0.028544242472795814,0.0034189375327762133,0.003178147344285546,0.01589233195248691,25.168182736014895
2026-06-10,0.960968790972094,0.04704021829362608,0.02822924626492771,0.003415690226864045,0.0031541839524379767,0.015542485415862669,25.02390081119476
2026-06-11,0.934975657964492,0.04798255904704392,0.02927907203384291,0.003413213881903178,0.0031091243750682373,0.016191747900489103,26.152937442033686
2026-06-12,0.8643585726609556,0.04707550023473075,0.028138024965994175,0.003413044428489049,0.003088051108861349,0.016208192524700717,25.249573563044528
2026-06-13,0.886055443559117,0.04843189382251425,0.028504104796739954,0.003412106491029421,0.0029129861767983756,0.016159460451629703,26.070949483611543
2026-06-14,0.95497481794587,0.04988378411503599,0.027921840645557243,0.0034096330900140756,0.002880121222312318,0.01652327020490098,25.929841838621904
2026-06-15,0.9391449194372157,0.051273487968347624,0.027388484225745417,0.0034079286996021793,0.0028936534459180364,0.01717901124452989,26.728415359354
2026-06-16,0.8967865331528556,0.0508638631078788,0.02474612819537123,0.003403924854866689,0.0027057280112349025,0.016616361275181457,26.708840850585663
2026-06-17,0.9167081143867589,0.05318391319681129,0.0247935405742797,0.0034037562077860496,0.002642200979446563,0.016356449084743725,26.562658101112653
2026-06-18,0.9369827097365079,0.05166996299208265,0.023462762864423656,0.003401288514882613,0.0028037591638804286,0.015763456591590647,26.320340522892025
2026-06-19,0.9168563866539957,0.05118923422168041,0.024293274789396198,0.00340111965351874,0.002617666216859019,0.01547625191339303,27.00670767531521
2026-06-20,0.9049434169648163,0.05013848827956771,0.0251214195985965,0.003397123808470367,0.002913424133692102,0.015448417521471566,26.357086401229825
2026-06-21,0.8594853491605023,0.047757766860272485,0.024147373996769465,0.0033954256711358436,0.0027729736435277165,0.014996493547738673,26.231652125660936
2026-06-22,0.8892837606639086,0.04779721665465938,0.023928880247743135,0.0033944927358970927,0.0029913338410203294,0.01475881484935115,26.344979596932905
2026-06-23,0.8958341292913004,0.05037543133462679,0.026275065405484254,0.0033920319426117805,0.0030130927827774065,0.014235280532632974,26.359512367148305
2026-06-24,0.9104884179333504,0.047840451189673186,0.024253239700733096,0.003388808816383454,0.002727639352001443,0.013677369360785611,25.486094501554806
2026-06-25,0.8859073010373404,0.045193611742494505,0.02494800486329642,0.003387878043074719,0.002828379920434888,0.012828899892308846,24.022776665082393
2026-06-26,0.8400953802817891,0.044118997737312836,0.025874022501871322,0.003386184527467365,0.0027644431653601614,0.013000518147840543,25.10250506690321
2026-06-27,0.8394355353678735,0.045606879046399804,0.025191509538087607,0.0033844918584061607,0.00254591240040433,0.012648479595675388,24.25458836107213
2026-06-28,0.8069970048971595,0.04647505113766764,0.024190300002185628,0.003382800035467938,0.0027642409735632576,0.011950105571229911,23.86751755983915
2026-06-29,0.8197988387444003,0.04532564944558108,0.025029958555883733,0.0033811090582297424,0.002728999550037907,0.011794168143269706,24.16756532923027
2026-06-30,0.7745835997905989,0.043851111172223727,0.02639419263785701,0.003379418926268829,0.0035435271993159447,0.011845915195154514,23.842869714960486
2026-07-01,0.8147605943693271,0.04460387413290351,0.028152823582592582,0.003378490914951353,0.003739209677503968,0.012583597977233787,24.567197898171713
2026-07-02,0.8200709207740664,0.04568445290888278,0.03143111182893642,0.003376802091734865,0.003842270604857996,0.013089232720004753,24.7932504521805
2026-07-03,0.7830570151182819,0.047146051201146864,0.032067004263506796,0.003375874273555116,0.004394882203584131,0.013206788360073125,25.010986571185725
2026-07-04,0.8224367525273932,0.047729312778804815,0.03170519698220576,0.0033749468930633136,0.0043031848699324575,0.013119697670124665,24.937044583068815
2026-07-05,0.7653571580587392,0.04787001276382578,0.031049790468888422,0.0033725000866561927,0.004222696541023541,0.012723330893160571,24.655160414950295
2026-07-06,0.7923920337156325,0.0464865535990629,0.03099175294019915,0.003371573633081346,0.004250355722564765,0.012561041291034051,24.083144745415513
2026-07-07,0.811898556799562,0.04519028226455783,0.032223749707121704,0.0033698882676412773,0.004116713081027142,0.012065485739970162,24.046464986777938
2026-07-08,0.7244583291077928,0.0443769559573214,0.04041010298567604,0.0033674451286924856,0.0039348303991636555,0.012067519128810177,23.833785176375425
2026-07-09,0.7095363031985974,0.04435245787463555,0.03937789834951796,0.003367277947527257,0.004049711449644159,0.012158323667853146,24.673701201032685
2026-07-10,0.7568229339493633,0.04481206001973071,0.041850208647498374,0.003364837224469265,0.004098817528541831,0.012889380379758824,24.591161343187885
2026-07-11,0.7691050066900781,0.04409017652715437,0.037957987566079446,0.0033639123526576307,0.004097466452670032,0.012993872664742365,23.77311089610936
2026-07-12,0.8052611338773049,0.04358398892426523,0.037029954427780946,0.0033622308169002735,0.004234078237056116,0.01263736922186866,23.566544082964455
2026-07-13,0.7327289621579236,0.0434971855218102,0.033983773344365246,0.003358280660854661,0.004172661383650367,0.012016565200151364,23.29130325019947
2026-07-14,0.83148946362905,0.04409969681730929,0.03101473037653584,0.00335887026663855,0.0038309442674689916,0.012045519789562517,23.620614984188812
2026-07-15,0.8970789163878912,0.04427461249607427,0.0304414567027993,0.003357191251294046,0.0039082496657409,0.012145438571661392,23.359682121546477
2026-07-16,0.9056051190969561,0.042761069416596194,0.028116964339902403,0.003355513075247373,0.003724019028015457,0.011530157781789521,22.788258455060703
2026-07-17,0.9037422500944792,0.04293701454900595,0.02652490044043424,0.0033538357380789854,0.00361359676360028,0.011648160666296915,23.260771362312795
2026-07-18,0.899918039387546,0.0430917543618394,0.026597672516149164,0.00335215923936955,0.0035837062037852954,0.011693969784381161,22.746066655197694
2026-07-19,0.9028976139599294,0.04288252219019656,0.02971310348463837,0.003350483578699943,0.0034659684316898066,0.011591950762496644,22.810805356072212
2026-07-20,0.8883679957096395,0.04305546715150966,0.028122606954106236,0.0033488087556512473,0.003469834065646365,0.011717708667240818,22.96382510454978
2026-07-21,0.8238280049075841,0.04364543134749573,0.02923656863129199,0.0033471347698047576,0.0036053447278838594,0.011872899239211452,22.795341195727545
2026-07-22,0.793488962954679,0.04350319787223523,0.02887626095521377,0.0033454616207419783,0.0035070096033434197,0.011664817448418881,22.493978957447766
2026-07-23,0.7982125888681199,0.042867406349544376,0.02825961133662729,0.003344542255688407,0.003968264442608902,0.011243667796195636,22.46951913361242
2026-07-24,0.7820418998617156,0.044202435426547185,0.02779254647388111,0.0033406130391255384,0.003596088435604244,0.011068343503686425,22.32331911366886
2026-07-25,0.7257132417293013,0.043250917407539995,0.02686495657656379,0.003339695345185508,0.0035581307782105824,0.011055183641559102,22.25636193401548
2026-07-26,0.7285136173427276,0.043544649402432176,0.027122868338061868,0.0033380259149052654,0.003544141656088333,0.011176087919985794,22.349704207275334
2026-07-27,0.7426046069998883,0.0410454832415521,0.02506813014104632,0.0033371084125509913,0.0035001198799140022,0.010243682843878974,21.54085761589671
2026-07-28,0.7748910625453046,0.04094945373690056,0.02477777132200555,0.0033331877718548075,0.003483454897946842,0.010365320284051205,21.16436270397733
2026-07-29,0.8160663295453515,0.03955034545235043,0.02510611870502459,0.0033322719372493935,0.003453851552549608,0.010146951070460231,21.16038075139231
2026-07-30,0.8159303298240522,0.03950423028839898,0.025093568783413938,0.003330606217745347,0.003451549752199943,0.010126677448698945,21.121622259488305
