date,BTC-USD,ETH-USD,SOL-USD,ALGO-USD,HBAR-USD,QRL-USD,CELL-USD
2025-01-01,94419.7578125,3353.504150390625,193.8737335205078,0.3762699961662292,0.2939209938049316,0.6603530049324036,1.0604690313339231
2025-01-02,96580.55183016392,3441.0539161376014,207.14467695262806,0.39178564789325515,0.2911221853181082,0.7463386006412203,1.0958129975707884
2025-01-03,97488.04608456744,3583.444467621117,216.4447573584178,0.4172582678140135,0.31212996621479533,0.7035864355327192,1.1085818874633822
2025-01-04,97307.40131560835,3624.9351197370224,214.68206544932738,0.4083373140372501,0.30395679067803216,0.6993302182013228,0.9839939117935846
2025-01-05,97077.49194793339,3590.7551266296027,210.8482104776634,0.40326470963812033,0.2988962487642603,0.6328659745381848,0.9589192159726108
2025-01-06,100474.57751756183,3633.6950598910475,215.46676611364538,0.4125623540950074,0.3049868347360674,0.6060028037737238,1.03101527601896
2025-01-07,95098.55603903632,3321.2535428940223,198.62267614957082,0.3710346598827888,0.28608530489166467,0.5685661597048927,0.8946899275227493
2025-01-08,92959.90409906383,3257.204777716422,193.4535698645423,0.35626757225771255,0.28083269775785247,0.552961488795181,0.8764251425421626
2025-01-09,90170.5381459921,3143.084150880635,180.63754053099856,0.3387911469777888,0.26453537926030174,0.5378414193792634,0.8687311224052529
2025-01-10,92040.55955116032,3180.4481135628744,182.582301442464,0.36939096309980535,0.27684173757172886,0.5351926285046177,0.8444185779006671
2025-01-11,91618.9030366565,3185.213578365951,182.43940680695374,0.37292768595009845,0.2856161787191853,0.6033815242115858,0.7921642684156082
2025-01-12,91253.75471549096,3159.9336925240486,182.43943752062296,0.3559436063564849,0.271935126938298,0.6084853947116181,0.7752632935681412
2025-01-13,90992.28024132761,3024.6294047084484,176.37035307803706,0.34424467749962645,0.2684902724262901,0.5813920616096828,0.7277414166696198
2025-01-14,92640.74881082092,3100.3809215622473,180.3269078510332,0.36681622720001855,0.2796234563638306,0.6055854986713478,0.8568771815004357
2025-01-15,96146.11749477092,3308.616229121756,197.44216757403768,0.4382550581472834,0.31472320543589605,0.7064048169849407,0.8642848052026023
2025-01-16,95129.23056730954,3162.7696944252107,201.93328718483113,0.45571578525793716,0.3526928893290028,0.6145467040655926,0.7816684594356043
2025-01-17,99301.14246612377,3311.2889310271066,209.32877929273295,0.4608447627375878,0.36340402181553894,0.6135696604642796,0.7349974311348714
2025-01-18,98936.04595891747,3141.421299376395,248.8492388106655,0.4368483405451427,0.3432005392476931,0.5466569406499074,0.6493242141671104
2025-01-19,95488.6454902035,3040.2758589909436,237.41356741201955,0.38807622468769015,0.3147023261940718,0.4960735328070273,0.6083768930386071
2025-01-20,96059.66477027678,3096.412798382501,228.82812950446512,0.419490468117134,0.3283727264549726,0.4917044576152905,0.6030556466173411
2025-01-21,99632.12712029359,3133.633195076564,235.83082410989485,0.41417431635575414,0.3239397589114705,0.4837358530026131,0.6465134557458517
2025-01-22,96984.33400605503,3042.3877502595774,241.53134573427283,0.395199053930465,0.31181678594343304,0.494322829292241,0.6202174072237325
2025-01-23,96964.13776556731,3121.728803203055,237.26723561804317,0.39962616288688874,0.31310480691867604,0.49335968791786183,0.5957713617531912
2025-01-24,97456.521077901,3088.8959168845854,236.46878754906567,0.38949896250534244,0.31250979178830446,0.5030349728921908,0.603551085037823
2025-01-25,97051.23323604309,3086.821788561281,238.28437581905663,0.3915827437023741,0.3164375647057168,0.5112369513699815,0.6166910979932231
2025-01-26,94866.91707131814,3002.3024966902226,223.47805482754794,0.371307719304811,0.30763614848089127,0.4627000654820239,0.5747544623640831
2025-01-27,94019.17887174703,2940.3882942077284,217.4355016488204,0.3753140559811843,0.29842057586738957,0.45298581712629893,0.5985026433212064
2025-01-28,93028.59860166501,2837.693780394335,209.5260624872464,0.35224952384431835,0.2834536986030183,0.456535966440913,0.5493603574022813
2025-01-29,94904.05290406932,2862.188602342037,209.57969425768087,0.35735851984465394,0.29203355721260266,0.4517777857394976,0.5454332292970024
2025-01-30,95545.53367330744,2977.1655645112137,219.10704471548593,0.37514447033819753,0.2983981603854625,0.45390482660221226,0.5887055679303312
2025-01-31,93124.35666764739,3014.387365740137,211.70110866721316,0.3658881720093813,0.2886367005068976,0.46137038049152046,0.5603720416554047
2025-02-01,91244.35839750053,2841.400764209352,194.79951970141008,0.3365339190076525,0.268362884818494,0.4514007150825375,0.5257897894994821
2025-02-02,88274.86300461784,2606.1042465414953,184.5268738185571,0.28937447936291977,0.23761261104200015,0.47050692355417106,0.4904900268566133
2025-02-03,91343.44834541265,2612.6752093992213,195.77590765657823,0.3009841464492166,0.25757545973016954,0.45090219448599284,0.49083307028282536
2025-02-04,87881.73585555641,2469.832121716197,187.0101778359827,0.2807468739914704,0.2344068997988481,0.4490123876480529,0.4034084233031101
2025-02-05,86479.31777378402,2509.905844729068,176.4529321081512,0.270491346307651,0.22255401525364354,0.4441535446048608,0.4108075982715637
2025-02-06,86186.13762163011,2413.182819174086,170.34502537343698,0.255857135590868,0.21293896804190582,0.42950224419386246,0.3873201129977291
2025-02-07,85856.53494458957,2346.718394325177,172.01138979590954,0.25822999896212256,0.21623842265888968,0.43597518583449546,0.3667922021812368
2025-02-08,85543.74012816686,2348.6980672746568,178.09459813660752,0.26408292057698807,0.21734395772829687,0.4043181870159803,0.39332340720990405
2025-02-09,85288.87123833245,2338.471448829882,178.35965939041347,0.26339948120386814,0.2123487019827707,0.4314683261639672,0.4161357150795549
2025-02-10,85845.14566871955,2360.2431743549123,177.7001447756686,0.2767823596665432,0.21407437323294257,0.4453928014242699,0.41639819087303287
2025-02-11,84089.39426218178,2301.5455286236815,175.06860751867825,0.2727112892393511,0.21078242412019652,0.4542513093664787,0.4435611535206236
2025-02-12,85695.65289388059,2412.893525208329,173.47870680960816,0.2883356843615184,0.21564984659637693,0.42245146824025953,0.48857444884961204
2025-02-13,84323.37553003315,2352.048709091911,170.92611479016512,0.2789490974914336,0.20710468781288377,0.42164733463349124,0.4625837617912508
2025-02-14,84826.75733341067,2388.985784000716,175.21182307539533,0.28176442224994247,0.2114482762866067,0.4165699363899854,0.43813228304678853
2025-02-15,84620.46641846279,2353.406068971165,169.92209323518304,0.2697592829784704,0.20934964787804206,0.41232691523677634,0.4556995539612151
2025-02-16,83138.10219117133,2320.011011848338,164.19026030121273,0.26103157992640275,0.20079630060317336,0.4099678454249528,0.4318620628901428
2025-02-17,82529.14237153225,2382.439625408814,154.32164263027525,0.2555377354138369,0.19301908979996193,0.4138444870114898,0.4289483460463358
2025-02-18,82067.35111294223,2311.3478205158935,146.40801471131655,0.24305177196508188,0.18776406365604917,0.39583163257159526,0.39606153690201484
2025-02-19,82746.41033641882,2344.508744969653,145.9060085404138,0.24687195395709086,0.19556054830272543,0.4095377547690219,0.43659239173618297
2025-02-20,83934.42828817264,2358.6724971836334,151.52668314091738,0.25558823998888824,0.20082866001443603,0.3971039870299844,0.44637302625187625
2025-02-21,81790.01065474341,2282.3294494134548,144.9309292531497,0.24820178943762308,0.1925313124303953,0.3619116329535222,0.41466310809589885
2025-02-22,81914.97324490167,2364.7906673961506,147.29551459450533,0.250622870418985,0.1951350977915108,0.3494929074524774,0.4687623613638419
2025-02-23,81399.0944224194,2406.56741575452,143.33590150421256,0.2441621131800273,0.190227418640709,0.3230457871646475,0.49768404227715474
2025-02-24,77049.20746358648,2137.8572050691937,120.75371009638043,0.21337772583513856,0.17615134276590005,0.348527112004008,0.4494845961480924
2025-02-25,74552.30351722213,2114.3014061514823,122.18806035243962,0.21718887343790694,0.17663968303966163,0.32119021982698803,0.4757084872826342
2025-02-26,70640.68030227225,1970.902426835854,113.9801812980203,0.22042973004037833,0.17680351531897634,0.36847778787806534,0.4319845051966845
2025-02-27,70715.55061206437,1943.1119685517342,115.98978242896479,0.2222377163688994,0.17809646623277778,0.3336423046238415,0.4473141400775603
2025-02-28,70216.32761783183,1880.504858522975,124.38916155653766,0.22225803349330944,0.18933729159364915,0.33087601706894954,0.39378890835420893
2025-03-01,71370.52634490989,1857.0589550742966,120.36860113927274,0.2363782311046199,0.22491830428597673,0.30922329107070784,0.4248007201328526
2025-03-02,77939.53518371454,2104.6258245936915,149.09197289938206,0.2709648441171375,0.23472882156536531,0.3308657385462969,0.46324410985017356
2025-03-03,70947.76943942839,1786.7656818329492,118.27063923513855,0.22155412521998086,0.19722610732356172,0.3342078892065096,0.41699181981677985
2025-03-04,71673.81642790159,1801.7062687286866,120.32041001530372,0.22235811763691998,0.21339011383784903,0.3174655073339308,0.4082548802876794
2025-03-05,74233.40499710382,1855.8785530522875,121.07810018043828,0.23231097922163485,0.21963670299146812,0.31037093789615966,0.37595784614452954
2025-03-06,73458.28196747598,1817.7192362141348,118.31205150428504,0.22322082955529673,0.20935319014657602,0.3200607497024198,0.34705077617905006
2025-03-07,70605.82215347487,1760.0330883260713,114.54610261113353,0.21604441822361226,0.20426870965920105,0.3064233552098487,0.3158240911532892
2025-03-08,69905.42689754363,1806.0526436784992,112.3431521192244,0.2078215305254838,0.19861654870618098,0.30268904920207934,0.33965440114771045
2025-03-09,65192.52886176189,1648.5099940087623,103.41311197672374,0.1859876768039098,0.17427868471089059,0.30260397635833863,0.31601419556423127
2025-03-10,63318.202794338904,1517.6989070251902,96.46246935419447,0.17017637254218654,0.1653469486137978,0.29201565934458906,0.3019617614302336
2025-03-11,66598.30448916454,1560.8716861114533,101.84204996648661,0.17598165947031488,0.17056721720898316,0.29501275953659123,0.3201191572382256
2025-03-12,67076.87919543794,1547.3912749024328,102.60638365261104,0.1800627271663975,0.17470622697711982,0.2951968620437445,0.33228318216796915
2025-03-13,64743.86699199222,1505.5703193181353,99.634457197593,0.18001847284717115,0.1641973290990985,0.3196786688034094,0.324095943734804
2025-03-14,66849.83883049335,1538.525396135625,107.41618572185975,0.18263582820493485,0.1661543366150297,0.3647950959740304,0.35850181915205076
2025-03-15,66935.29778639162,1556.351201646923,109.18149243707471,0.1835992892442751,0.16652837762085188,0.4034592649322835,0.3717620061772832
2025-03-16,65328.63161577954,1511.675737611622,100.90580963775734,0.17098715027127054,0.15972396952741952,0.5775151959748958,0.46756987652247983
2025-03-17,66301.82576959657,1538.743092952304,102.34080232735792,0.17529099642907411,0.16495812367860363,0.74563212454518,0.5697853436932665
2025-03-18,65025.312064309815,1538.5447293288528,99.7644792332282,0.17066460236772935,0.16196223640160246,0.695607912467495,0.5054502651347913
2025-03-19,68060.55497578012,1633.3166110978234,107.60925151042491,0.18255710584506263,0.16928979339162434,0.6535793285145376,0.5323825786617379
2025-03-20,65746.42131899708,1568.5581393644957,100.89640364803958,0.17828588166794182,0.16242791445413862,0.5523406833399245,0.49052650215578425
2025-03-21,65442.03491269829,1550.247586750656,101.33039816144118,0.17070395335855562,0.15746868555121718,0.5140203293430121,0.4983425253209961
2025-03-22,65071.53744270982,1557.5529323235103,101.06986920626704,0.1710960735078853,0.15546511097766996,0.5036141884341355,0.4583772792029878
2025-03-23,66585.00245994379,1572.699034706728,103.99386899640999,0.1743493721872819,0.15791927688825977,0.5111891324231358,0.47004925715812096
2025-03-24,67488.66891799933,1624.4270049703393,110.14881924151658,0.18483955666970445,0.16371724088208406,0.49540005105348145,0.48449390417281907
2025-03-25,67254.37114917266,1611.9875289404467,112.1169135562986,0.19213349002980554,0.1650706735197391,0.5310734193522828,0.4490224872457799
2025-03-26,66604.2368018808,1561.6318353465217,106.70682190851142,0.187540332247973,0.16195372955141257,0.533029084781084,0.41971648106545845
2025-03-27,66604.69249874275,1551.6598010257535,107.20766844520054,0.1917980013140772,0.1631622448997662,0.5226796757175477,0.4407867883699206
2025-03-28,64243.38754146545,1464.456525921276,99.99171382022372,0.1804702773993084,0.15315432583591843,0.5264646755502345,0.37833284398128636
2025-03-29,62707.46215298784,1407.549970743814,95.96748690666276,0.1662062068794217,0.14453610490824692,0.5100592444835477,0.36798538038208495
2025-03-30,62310.11897103163,1387.1281130850412,95.72224292880564,0.16188741039528642,0.14056243851317804,0.6302098103841569,0.377214021595627
2025-03-31,62274.85184122028,1396.189517401128,95.47493746780829,0.16233502490085647,0.13656891699417634,0.5679446849526788,0.38869446204310076
2025-04-01,64048.43127857746,1454.6131034407335,96.70673170203936,0.17019194583777536,0.14210618849560103,0.47541305845374326,0.37463532984035897
2025-04-02,61834.31139204637,1366.3999527310777,89.6244824204587,0.15948368420281772,0.1346416151457061,0.549778120059511,0.35265552144559276
2025-04-03,62099.96347287463,1377.7289902665375,88.8277455754361,0.16229331200238226,0.13507309513770982,0.5511725471239156,0.33363913294264064
2025-04-04,62455.580988013404,1373.3735203526728,92.89317468437594,0.16690757791489536,0.13633590442841217,0.5485463145892537,0.3318352726105318
2025-04-05,62006.387947244075,1362.198109967819,90.70819529925055,0.16413299187982222,0.13431346986969547,0.5627796927530495,0.31685814375386206
2025-04-06,57894.449663681204,1185.7219517473814,79.4969408127603,0.1450677979653933,0.11549476454427737,0.5325272108679521,0.30337401951424176
2025-04-07,58464.65362834741,1166.0599435810109,80.15159751702384,0.14906310786166713,0.12582298431190556,0.5472190715318077,0.2805787608433885
2025-04-08,56100.15734334008,1100.7565294021392,78.87201757196597,0.13818399738175102,0.1202277011389315,0.5340254444274902,0.25750137745358864
2025-04-09,60543.430075682176,1243.1510278994263,88.7307863570143,0.1608659872406367,0.13857811389564276,0.5396778516851314,0.32614394526217333
2025-04-10,58197.50234315678,1131.298477177731,83.81828071564232,0.15718422873703225,0.1374472214004036,0.5149144432430903,0.3016591388500854
2025-04-11,60766.559283710994,1160.973111763913,90.0334008774083,0.16032554287118053,0.13714804299051625,0.525814974521351,0.314022718246061
2025-04-12,61941.47506638207,1213.9087125641545,97.6875294234431,0.16980035030650448,0.14512014722530373,0.543362007624219,0.3138752382493928
2025-04-13,60585.73503464178,1175.7780519795851,94.68517716917044,0.1622291231543875,0.13481631723589824,0.5230304529849429,0.3081801222713798
2025-04-14,61012.96643581477,1191.4064528933116,94.93719364740018,0.1673747913230415,0.13437685994092738,0.5290643201456552,0.31186613909517774
2025-04-15,60191.73868874666,1162.8496058277506,92.42227899389404,0.15908752063743986,0.12748320204137759,0.5246340536955743,0.3009002178772909
2025-04-16,60263.09531566483,1151.6837244313488,95.93052258163877,0.16049361470460174,0.12758272090001666,0.514993282440497,0.31306784245743835
2025-04-17,60688.690727940186,1151.4665848712013,98.007182987306,0.16496962462194323,0.13176173772072267,0.5129238248098646,0.2950523897703002
2025-04-18,60179.74527306514,1152.6429088426385,97.26003539281105,0.16718160051415618,0.13328676468722575,0.4524656436712423,0.29022888081267517
2025-04-19,60424.64346573026,1166.5468433325645,101.07440898327206,0.17033327574944573,0.13443452233234177,0.4573776701325239,0.29849890972019183
2025-04-20,60312.12331388811,1144.7307407361272,99.34702221986188,0.169971762729804,0.1335009106031059,0.43160256109919,0.2892105960138214
2025-04-21,61776.405782972164,1135.7086224649952,98.28003149897611,0.16985537543374393,0.13593304501232634,0.3564233120482427,0.2809802187006126
2025-04-22,65748.69036441542,1259.6029587460064,106.61197607129216,0.18403805912579996,0.1452468070678044,0.31545477155207535,0.31357650642189316
2025-04-23,65721.23057212893,1283.537596108672,108.01722994908208,0.18765205073040536,0.14419485342191923,0.3113917766428973,0.3083743450076121
2025-04-24,65684.5254678716,1260.9739991826332,108.5136666160253,0.1978950084199991,0.15023585057665007,0.3184761836889028,0.2893519506279687
2025-04-25,66018.19922428142,1269.1326248078658,107.2022053835554,0.19942919703299097,0.15316634225742173,0.3275608489560589,0.28841102888642317
2025-04-26,65758.35740969892,1290.2932791081414,105.72976874432615,0.1999408220639788,0.15231208889101763,0.4276934865843851,0.30803770578019773
2025-04-27,64932.612207792445,1265.9399548086055,104.67621703841252,0.19359633738668877,0.15111650198258428,0.4244648382554026,0.30411195840536726
2025-04-28,65572.28896363845,1266.3624474688327,104.05579397093057,0.20107657697745512,0.15093881373459822,0.41983977441609,0.2963682881845139
2025-04-29,64887.383535056375,1262.7963570533627,102.77405767223611,0.19748117519646505,0.14716615710323852,0.4191363922688316,0.2815280511023155
2025-04-30,64629.08053814223,1255.2346854725336,103.316653451427,0.19132715473528877,0.14354589659313632,0.4502106780158293,0.28557181181826746
2025-05-01,65987.3848324108,1283.1813391489984,105.24209341021326,0.18893501610359384,0.1464535863107034,0.42235975758502775,0.280985811205689
2025-05-02,66063.52450475744,1281.762606224066,102.98159482991568,0.1871065413279727,0.1467434861415042,0.4442333618460147,0.2873976880901836
2025-05-03,65162.692652046775,1271.772983954582,101.80347259263863,0.17996013668172484,0.14134195067180919,0.4260453929375661,0.2731811965797669
2025-05-04,63889.21693029229,1250.5080135416763,99.55354825575995,0.17295834400557158,0.13776687974394594,0.43029099284545,0.25982891946888514
2025-05-05,63978.983465754434,1254.4161984676962,101.1259511581465,0.17256026059037252,0.13543926668727074,0.43360753769600635,0.2792044234662795
2025-05-06,65159.5739339296,1247.490195597032,100.8709754048649,0.17233225627133314,0.13787888735584256,0.4300447575737593,0.26607184384813126
2025-05-07,65107.784660436584,1241.3681588236045,100.87534827154819,0.17201304683194482,0.13661630731758947,0.40954659499579793,0.27911410188374225
2025-05-08,69055.03939174654,1507.4420209349262,112.01438301667717,0.19403967441578537,0.1512226652505496,0.4236482085613144,0.32523664113755546
2025-05-09,68656.28094489432,1597.598751205198,117.71877137042287,0.20030060308665754,0.15656788594726817,0.4369796330901184,0.3343181047657986
2025-05-10,69586.04517109372,1753.7001960374214,120.62139005581957,0.21771563570229058,0.16946567512934116,0.4484323278025198,0.3685313861927743
2025-05-11,68975.15699293917,1699.573754354593,117.14875336014873,0.20581003318799385,0.15915276221197006,0.4390523812762502,0.359440336860569
2025-05-12,67902.85052538222,1685.1402163357839,117.62233785014837,0.20814315842719505,0.16565572083342764,0.4487182436739474,0.338474733188081
2025-05-13,68581.46989209641,1803.7451928064197,123.83744245203557,0.21258116649796038,0.1662055962106475,0.43847172109946375,0.33333560484355507
2025-05-14,67950.92039911548,1751.3281588995958,118.57024917732555,0.2030906958862984,0.15798916799896984,0.4286247358190071,0.3118180750187308
2025-05-15,67870.34322631625,1703.7982506021767,113.06443215430451,0.19268725309751608,0.15120391281616308,0.4196865571983943,0.30579198940189795
2025-05-16,67489.23610364622,1691.651689586221,111.60786689216235,0.1905532776666705,0.14921855592509004,0.41702558162224523,0.28493771694966785
2025-05-17,67082.0036505269,1646.324381515025,110.34049856503472,0.18415419672067893,0.1455233023687849,0.40248677401542443,0.27877679585600734
2025-05-18,68979.16857931389,1656.2962571145792,115.29257358308519,0.19400155872898636,0.15009183174416205,0.37528441934396806,0.29001850538032026
2025-05-19,68218.57505854199,1671.7816263690986,110.29741297419478,0.18923200986207378,0.14714596295101431,0.36402049163914385,0.32758741109681616
2025-05-20,68765.88685449245,1663.4828756284721,111.03427529495596,0.19073747593035123,0.1476304672443367,0.35189265315147655,0.317860894716431
2025-05-21,70401.61330752955,1677.0115897778337,114.11702978735079,0.19610097762022866,0.14976610068575652,0.3412146969841892,0.31545493992196216
2025-05-22,71455.68565285022,1745.2323144401962,117.71170091698782,0.20453958574403275,0.15430554066781896,0.3707355324543736,0.31594679331624337
2025-05-23,68432.5266538118,1650.0604887366796,113.52822521737947,0.18952792126329066,0.14309566660253095,0.37179587337491565,0.2964154010330429
2025-05-24,68536.2144232481,1647.8554265732619,114.63175943532453,0.18693888071823017,0.1416310280718612,0.3745538898384508,0.28834165572695547
2025-05-25,69108.13931157041,1656.6290613641545,114.08262877107411,0.1873278745132271,0.1411043808259678,0.3697467365402174,0.30724548218770675
2025-05-26,69145.51122090199,1659.6762057694855,113.21170233541993,0.18488876842303886,0.13908723595193426,0.43680139367906845,0.31213191118246664
2025-05-27,68646.17265603827,1718.5476191176024,114.1033980340949,0.18729358059147985,0.1399630946886544,0.4400946798466634,0.33138876043795595
2025-05-28,67680.57796601961,1725.716211304091,110.78550701116606,0.18304515350298248,0.13854541364994002,0.43942412866323755,0.30590321355929434
2025-05-29,66114.43209203344,1688.7570096533111,106.86055733622655,0.17633345076800913,0.1335105849351482,0.43192632114758484,0.30928576099931515
2025-05-30,64880.28605078917,1618.0100199072158,99.91895748501386,0.16170427333689788,0.1240222256825572,0.5078709941886661,0.2847062865909564
2025-05-31,65072.86684011082,1612.6173256463571,99.87740194994807,0.16274637742054462,0.12411965337485642,0.560780748451362,0.29830014129520094
2025-06-01,65495.731261622255,1612.3505151196985,100.30649703364598,0.1638512266669631,0.12467087907673409,0.5728112927272158,0.30833442080119167
2025-06-02,65430.434271230886,1652.41441445874,99.50754417805325,0.16669109320032943,0.12651953043113467,0.6192996569540696,0.3056333895657452
2025-06-03,64946.94081070374,1638.7333390822896,98.16371741892183,0.16513402773425526,0.1265605577095769,0.5650714071461441,0.2964125516351018
2025-06-04,64311.463089970384,1643.5034087705108,96.62000533033302,0.16011703285290357,0.12288372124148851,0.5636916685811776,0.2787382090426061
2025-06-05,62176.27474154691,1517.7538374958556,90.79250329562313,0.1514310283563562,0.11722096094363627,0.5583061647614349,0.25959060461130595
2025-06-06,63696.98169648025,1551.3519874532521,92.63111993103351,0.1561251933253223,0.12040730602687452,0.5634569943041335,0.2508105757603197
2025-06-07,64240.872901398114,1577.4933054469393,93.74034314299712,0.15911213669559127,0.12334156642703385,0.5578853360414175,0.25175392831054505
2025-06-08,64145.70591418557,1562.9831852393952,94.88884244046119,0.15847669793958266,0.12342393456395968,0.549739246469901,0.2489797844450884
2025-06-09,66663.02480847872,1664.263548984202,99.97846938871646,0.16566177720305375,0.12936267977252167,0.5573381277784705,0.26772680336033766
2025-06-10,66430.04661688424,1740.9579498983862,102.11668936818648,0.17250548434096996,0.13071263163571173,0.5380577839203304,0.2765998032959356
2025-06-11,65276.716334678444,1711.0729392424528,99.36016476021405,0.1634234249596539,0.12536916421709393,0.5555275207123254,0.26946136828726763
2025-06-12,63419.38517923408,1631.0709633381693,93.97814811638185,0.14999078086060372,0.11808506464545385,0.6022176405788044,0.2555269517016309
2025-06-13,63315.50571526754,1581.8423101327796,91.14475357817027,0.14943471900040378,0.11471578043380976,0.5832040955312318,0.24226729404361846
2025-06-14,62747.330372313416,1548.953711428747,88.50889811726017,0.1463765884981868,0.11179817563823705,0.6890132077855645,0.24063069941871987
2025-06-15,62596.16063572123,1552.4778372618327,93.15120763414,0.14557982831930996,0.11112547582943914,0.6741466787294323,0.23524615402589855
2025-06-16,63134.091553682454,1544.0398084679227,91.69047536123412,0.14517855416549388,0.1101816602632651,0.6677097798893787,0.29327541288125003
2025-06-17,61640.60952136192,1521.331720935474,89.52521466633917,0.13962786359683935,0.10651372012011276,0.6489887530659408,0.2669091555074792
2025-06-18,61611.501861863384,1524.9542295664414,88.41329233558616,0.14030022866888814,0.10567918039306823,0.6275619363941329,0.2948018324593311
2025-06-19,61300.15572048834,1518.7913631079207,88.5811139313741,0.13890588318765953,0.10538886946453561,0.5564634337159622,0.27760570137437324
2025-06-20,60303.91257603741,1445.5755284870615,84.17062120172102,0.13709305621239087,0.10293266133001958,0.5100557358433456,0.25961842228909116
2025-06-21,59501.006302916256,1377.2993380972198,80.92046348153514,0.13249265029182666,0.09797122944381116,0.6413991159117691,0.24703891734019442
2025-06-22,58576.085822467234,1330.027979743168,78.56185316675707,0.13070343802917372,0.09464414216121521,0.6720400514872801,0.23048224249368907
2025-06-23,61045.197777127374,1441.26524190803,86.20051202059436,0.14664231390853075,0.10741949316622997,0.6914577616683921,0.24951497437693437
2025-06-24,61121.85531641699,1452.483652499372,86.59959394341806,0.14919280320216757,0.10864248990076536,0.6999512390732379,0.24366195053964945
2025-06-25,61684.50237701453,1431.155987650423,84.89122766326192,0.14321290929779235,0.10562851588588827,0.6725471862205924,0.24399915463475225
2025-06-26,61259.66295182094,1425.0031300292494,82.01519127532359,0.1400327320243974,0.10038549987938566,0.6794434707558854,0.23729563131147702
2025-06-27,61139.30437496209,1425.2741416840522,83.61096049138901,0.14214216672893717,0.10251516038585211,0.6929582251936638,0.23553677748892474
2025-06-28,61082.1777317712,1428.7681716871416,88.42344950077593,0.1433763353523054,0.10359499489104872,0.7088837462457361,0.23706028101146395
2025-06-29,61489.20504076694,1461.8089016316967,89.6347455322575,0.1509032792864246,0.10677222459863511,0.7114425112024387,0.2565956429208035
2025-06-30,60587.75785627697,1448.9827577396322,90.17172902742377,0.15033014598552769,0.10466540475261492,0.7433069376871596,0.25898066918870627
2025-07-01,59586.07855136468,1397.7718938902851,85.36476139590583,0.13857540412291167,0.10078130048278533,0.8154750140136159,0.23595772222333472
2025-07-02,61174.04975407888,1489.4775099429587,88.17971698799012,0.14652665471852963,0.10786934811526791,0.8637327045993529,0.2391759424375472
2025-07-03,61422.42651127704,1496.3768132766638,88.0161585652595,0.1472047491478385,0.11023434808013814,0.928858331470085,0.2556458359990136
2025-07-04,60327.1611074008,1444.397477928359,85.08187084336713,0.13997272124072246,0.10589047184606666,1.0608784649743148,0.24903936570145285
2025-07-05,60245.99871126536,1445.1006384830876,84.75686045917223,0.14073706723490678,0.10654369885972151,0.9830239624074817,0.2585081539673051
2025-07-06,60610.897544451844,1471.6540020349737,86.92487593558683,0.14252733583772909,0.10997544476663669,0.922417232494154,0.2525354638254038
2025-07-07,59903.63074510515,1451.1403138298763,84.95223807533654,0.14162308601852436,0.10895008738419563,0.75909401577244,0.2522352738849527
2025-07-08,60072.8647431892,1488.0365868961287,86.369304110191,0.14401648734449343,0.11046744804376382,0.8394730806753408,0.244724066619868
2025-07-09,61189.02335053844,1571.6531048734773,89.21393534692251,0.1543539032869567,0.11718880514658556,0.8990056092049759,0.23870512193274235
2025-07-10,63549.12319594848,1671.0401364137397,92.78167261284362,0.16968161284956415,0.12980920144035393,0.9109603118452682,0.24499325369654873
2025-07-11,64183.72052457532,1667.7491482826415,91.83876329939434,0.17475579928963875,0.1322900592167829,0.8920493056573799,0.2549334197102247
2025-07-12,63936.27717970597,1654.3355346797853,90.3277716579034,0.17492691452512868,0.1343593000958255,0.9078857894534719,0.23681568323871097
2025-07-13,64646.38100420177,1666.4443953373614,90.34256338736742,0.21090567957663733,0.16378254611066784,0.8329511746996935,0.2436535551931088
2025-07-14,64838.86230282299,1683.7992393259212,90.67609849746438,0.22283526561640798,0.1602647349874441,0.8452128255702671,0.247582196739019
2025-07-15,63516.17500594137,1749.2509285878969,91.33775086601783,0.2260363324869645,0.15779555270458295,0.8034721763834167,0.2393598260369985
2025-07-16,63832.150850717226,1872.6598066183185,96.48412592878697,0.22614908717616175,0.1596567234456241,0.8198954853685606,0.24175068084935275
2025-07-17,63925.78877219604,1925.3501561157063,97.34948316029025,0.2544592139054375,0.18782918291104542,0.8404753862139667,0.24215271314186243
2025-07-18,63036.37670943098,1959.463052053531,97.9351425048776,0.23333241215125683,0.17454494969719989,0.7802443756208874,0.2485339867341896
2025-07-19,62803.396423078084,1979.056303483147,97.47011959793605,0.23147868802426746,0.17949495211182895,0.7801724095303316,0.2481245749195146
2025-07-20,62265.54040064695,2063.2416693912387,99.63457691545325,0.23120246218806295,0.18201066521374096,0.7657091910963091,0.2697175486044576
2025-07-21,62142.09639146242,2059.1951201652505,107.24172373295129,0.2359689636625487,0.181491138789984,0.7257234330160545,0.29851763437201473
2025-07-22,63293.76716152239,2045.2661943990938,112.21553619826928,0.2343096550619376,0.18358076757952688,0.6612596132761771,0.3034105345726947
2025-07-23,62441.42298493736,1974.1758018020673,103.0913600470653,0.21105484697062737,0.16340524214268318,0.636709433669989,0.2960590329397221
2025-07-24,62041.183569569046,2010.7226042347402,99.02092346637092,0.20625214067309608,0.1589073447917361,0.6421117948848887,0.3031506315335087
2025-07-25,61462.51324363222,2015.1128845176695,100.98072427635374,0.2100740402306078,0.1715151075393228,0.6556514628834355,0.33876737474528623
2025-07-26,61430.41991644774,2016.6925192787176,99.6725387195325,0.21604061208380826,0.18494280028616603,0.6613860958228123,0.3453089446700702
2025-07-27,62015.555623739434,2082.5837177546873,101.42665374409712,0.22486222097248687,0.19275712877755696,0.6781283330456065,0.3807903972363352
2025-07-28,61030.74317935575,2029.2912109850374,97.80521514346181,0.20703982949546848,0.1786394475978664,0.6433607562286198,0.3586606234754846
2025-07-29,60836.58374741287,2026.4331316279636,96.86786848106898,0.20413332948809898,0.17363382699466495,0.6829561734575005,0.34628664610820875
2025-07-30,60597.46046948661,2028.2169807800726,94.63837574485281,0.19854239088216566,0.16802329558476198,0.6636374336111747,0.3137324931018708
2025-07-31,59343.16161595329,1962.9385878232158,91.55671091534015,0.1909941126204523,0.16481874135865524,0.6855254753607284,0.298656645252531
2025-08-01,57909.5957173554,1846.7612371192804,86.22807925786664,0.1847617587368071,0.15852698569120552,0.6876911853832678,0.27275772154908706
2025-08-02,57322.454849387694,1790.7565987848527,83.65050287815784,0.17746341801822352,0.15029643886779115,0.7789158112823326,0.275449545766587
2025-08-03,57999.788474503475,1840.4569327725096,85.22700483233825,0.1896194130756356,0.16215242622271714,0.8053832242066488,0.27594173110533005
2025-08-04,58248.81027018853,1951.2126928822852,88.89131305473018,0.1932034789614834,0.1630136696349293,0.7596930610930737,0.28975811403793694
2025-08-05,57595.15373733778,1889.3517625363406,85.83735430708052,0.18454043546390497,0.15526815613880596,0.7356896594901775,0.2740205832408823
2025-08-06,57858.993868099344,1921.253005546025,87.70768090831743,0.18850196846537165,0.15857587318907207,0.6876015876994486,0.27556310211113944
2025-08-07,58913.99117531317,2035.299816045574,91.24571270477483,0.20465235865925605,0.16783350754005105,0.6800077453867562,0.2937348128974036
2025-08-08,58323.781886638324,2078.7225659568276,91.63483509568614,0.2060084790056283,0.16902696333700812,0.6569011806939777,0.3132291142834775
2025-08-09,58045.52933266269,2203.6468954749403,93.12748418810753,0.20897495310562123,0.1714805028482785,0.6283450989440315,0.3048631099144163
2025-08-10,59255.857726023794,2192.211623723644,94.25049143002155,0.20580730283345477,0.16670675430226303,0.6363520308073592,0.30074594645525793
2025-08-11,58783.675023766984,2171.6443955479317,89.89651605324212,0.1956972632613795,0.15845479221689865,0.6393470861191828,0.29031901721711917
2025-08-12,59309.228892103754,2351.565993133567,98.27300785910208,0.20912213101883068,0.1668555683893921,0.6106260390223104,0.30907809196236435
2025-08-13,60681.83369332737,2428.964375635293,102.94944402327812,0.2161681209964491,0.17026299291125493,0.5501864862971592,0.3112284289625042
2025-08-14,58045.50449439181,2315.7281774560565,98.05637436595957,0.19527888520987835,0.15854113732977723,0.5676932919141305,0.2873451588371282
2025-08-15,57392.073383383206,2253.8770058182085,94.28806451313609,0.19502582500210028,0.15759692993787194,0.6077870518246714,0.2704540582526989
2025-08-16,57255.94007488791,2240.1368310495786,96.04309479208962,0.20009841460642766,0.16032155680450288,0.6276239928566263,0.2678889285626747
2025-08-17,57056.31631989697,2257.188509800764,96.46073326137288,0.203245851877839,0.1598833470955523,0.6292936540500408,0.26607577324202686
2025-08-18,56294.46794839082,2169.5481381527493,92.09934977296604,0.19538556896658987,0.15498615244420522,0.5564092278084932,0.25967244448870785
2025-08-19,54465.05934889636,2043.1521164416138,88.33370219243282,0.1817274017105537,0.14591805476693337,0.5429652534159914,0.2496306567400134
2025-08-20,54987.482484809305,2167.569244719865,93.80695740000682,0.19603460621651653,0.1521182629808769,0.6796925805054658,0.2565102916258917
2025-08-21,53923.51068518818,2105.589537297125,89.88352461831447,0.18935443081953068,0.14804992092164002,0.6892375150590907,0.24985132867230017
2025-08-22,55883.20195988489,2401.5771052642804,99.73826117599728,0.2029651286076839,0.16114261499139204,0.7151635186422077,0.2516951701036369
2025-08-23,54991.67825906159,2366.9975362418204,101.06964496339681,0.2007473537369525,0.15855861679539235,0.6895416161324138,0.2485385358918793
2025-08-24,53907.51240429275,2361.6647923708156,101.71342164869499,0.2062094957156321,0.15492244037982963,0.6970463068749468,0.24204981994635758
2025-08-25,52157.96293577998,2154.2582849048667,92.25869249759775,0.18700887854931636,0.1441494324630883,0.686923592004124,0.22368658328343097
2025-08-26,52785.43600282042,2259.5124787110462,96.21933345564644,0.1932739241867616,0.15048614824012535,0.6665291978168602,0.23220057896976698
2025-08-27,52345.29718832743,2205.2284906480795,99.367830242772,0.18718891504412216,0.1475239874139915,0.6710468193181224,0.22920889308095818
2025-08-28,52800.3633815056,2200.4704493452937,104.67598617669886,0.19118983594200523,0.1481964612693742,0.6879198119059292,0.2162488347831229
2025-08-29,50700.10829204809,2122.3142273214703,99.89129856228537,0.17877610791970389,0.14107642638895998,0.6956788212835958,0.2118187674204341
2025-08-30,50724.9977152841,2122.7511810937644,98.44684579484596,0.17635654642292867,0.1395316683262051,0.7213624666326598,0.2163323259865705
2025-08-31,50299.103974119316,2124.068949353744,97.18591322149558,0.17464136383439946,0.13492205088072556,0.6813242379763096,0.21632342011898262
2025-09-01,50609.75117743503,2081.262205931229,95.08331560571351,0.17107947396680534,0.1316619514161086,0.6651571890616057,0.21045185209876888
2025-09-02,51350.20786437283,2080.2679280090997,100.74933556905972,0.17549439350007578,0.13529378950039975,0.6515110829949864,0.2074858641386239
2025-09-03,51428.430816515465,2133.985896857616,101.05400484417694,0.174947882735046,0.13442370723508282,0.6401236239799143,0.1998577219441276
2025-09-04,50807.146300807835,2055.0967347715305,96.83776290461488,0.17067312561957698,0.13064323616770807,0.6489280179298776,0.19276682531248135
2025-09-05,50613.29536787803,2052.8703787799764,96.99493218519154,0.1721922844975845,0.1332799593908641,0.6357855968303119,0.19126076570740339
2025-09-06,50258.89939641363,2031.1595169320676,95.15890188458542,0.17006793591748873,0.13070326566052506,0.6169826918635856,0.1928162031692776
2025-09-07,50528.58051902536,2039.812498245189,97.82169031300788,0.1725770092846559,0.133368410591559,0.630591807245343,0.1917856728285612
2025-09-08,50778.33394229293,2034.989245072454,101.17449205782171,0.17657103289237916,0.13742893334771183,0.6891124088936774,0.20067273826721418
2025-09-09,50373.4969726403,2029.3498899349156,102.31455339492086,0.17399315466260226,0.13806958676410203,0.6827869050079483,0.20662067703982606
2025-09-10,51305.95294593419,2042.10166012549,105.17100069766377,0.1784378265935882,0.1414075038535249,0.6850558862590295,0.21195608000548488
2025-09-11,51840.36715236424,2088.4564961204014,107.0886203618734,0.18171136269870852,0.1445820206225721,0.8591489152765148,0.20749360639642772
2025-09-12,51942.2304476539,2200.75637593606,113.09070319806281,0.18468630472517147,0.1478196957276152,0.8044891729162429,0.20909409662736517
2025-09-13,51710.63380640112,2172.2624044788163,112.88810447825361,0.18787685670669987,0.14903819714060987,0.7345756122968492,0.21909006098038245
2025-09-14,51305.81150853242,2138.57683386463,111.60434138753962,0.17771386938570297,0.1444290862231888,0.6914248058891974,0.20446912802547768
2025-09-15,51160.09378965324,2093.8820332608716,108.40215619367802,0.17251789675825113,0.14182826715055716,0.7392753871873187,0.19158903725337645
2025-09-16,51616.054511767834,2076.885018449228,109.29123135973023,0.17579585139089937,0.1421250858197656,0.7740039064130521,0.18477263663926508
2025-09-17,51287.86890318266,2111.6620914563327,112.58136607796332,0.18048965879790563,0.14456113447713304,0.9284934030116674,0.18533478032475206
2025-09-18,51419.24870071976,2104.0464359349817,113.518349352358,0.18183123003682058,0.14655347903913357,0.9450946299265807,0.18582606439646254
2025-09-19,50622.91506461924,2043.3559531023209,109.02642308221935,0.17268228026351026,0.1417608265136397,1.1253173922571136,0.17660467325652157
2025-09-20,50477.301441689764,2042.4062324229965,109.17362390453806,0.17356747212987345,0.14337245606441057,1.1442188092966523,0.18211917880755296
2025-09-21,50136.88394960791,2022.2337678209174,107.47596105354008,0.17019391448068474,0.13840556378361984,1.1254094613348995,0.18721079087107342
2025-09-22,48869.80611033157,1903.6429562539702,99.87122148768727,0.15730935382836925,0.1310952757024018,1.1414288278887095,0.1691662395404245
2025-09-23,48398.15342091675,1881.0633980592568,96.51072244574596,0.1549296383695805,0.12908871916771977,1.1790808028384785,0.1686445931643822
2025-09-24,48811.13775804633,1870.0103134279896,95.33870606210057,0.1561567411438999,0.13003033574727868,1.6455404527677613,0.1695600819158868
2025-09-25,46819.50891657432,1736.4172163442356,86.35585207725478,0.14826011230908054,0.12154185637288902,1.3514904333288775,0.15998127730198847
2025-09-26,46955.466536015556,1806.2020699458803,91.90250429352736,0.15263273966774574,0.12555783771796802,1.3427760615264996,0.16650708216022242
2025-09-27,46793.833808713214,1793.1037674514662,90.83779072981679,0.15047547600427233,0.12428511764327067,1.3622615019231927,0.16688190495486413
2025-09-28,47683.87439757103,1842.3692549013833,93.74838669618244,0.1518274624941466,0.12596278056231253,1.401856499230071,0.17471347471258591
2025-09-29,48498.737105208245,1870.4985949070374,94.49461658828542,0.15144633634994012,0.12614264395977662,1.5492397164529763,0.18863527898562768
2025-09-30,48199.90142768259,1833.3296011424734,92.3055617395762,0.15136877406580235,0.12477388295384216,1.4970756841298274,0.18504089304912416
2025-10-01,49982.300966228395,1918.2849173894917,97.73075332680426,0.16059766380339768,0.12980340061389686,1.5027896695938325,0.18609036906345539
2025-10-02,50677.71006710522,1972.674420097408,103.23173089013284,0.16350846397160218,0.1315685744002119,1.4707189657933526,0.19429764112068879
2025-10-03,51181.08400883447,1978.5742857678183,102.10961585898812,0.16319665140393025,0.130042183671921,1.5378461936108478,0.19484544473794638
2025-10-04,51085.571917183835,1961.4302039938832,99.61967477693123,0.15925750425057797,0.1250291516417167,1.5495928717651026,0.20742079333474467
2025-10-05,51376.640563269975,1966.9789490972973,99.5817569296857,0.15834940285928562,0.12428916847243966,1.531544110213829,0.20766972631150724
2025-10-06,51727.97261988692,2035.9393435727043,100.98370820589915,0.16579468739597786,0.13201590952634293,1.5526203027684187,0.20773039600743012
2025-10-07,50199.95053013606,1927.3825805735619,95.47068979536195,0.1582121675784937,0.1250516048674788,1.8015401503920294,0.19014806107191312
2025-10-08,50825.52219733718,1954.6332660598257,98.90540395555932,0.16172520151427433,0.12550091787616052,2.0539283301364804,0.2046599661550859
2025-10-09,49987.4295513566,1880.5551146202054,95.11838843423135,0.1589219997225249,0.12155954619770647,1.9274938099061774,0.19821886572352188
2025-10-10,46352.8637917565,1649.1427354286168,80.96094962438316,0.1266197451882651,0.09330090781764766,1.9174722648447702,0.17017266524542057
2025-10-11,45224.1506079301,1604.6712591168844,76.17915147318928,0.13077990639126694,0.09553157965206603,2.0344908199051512,0.15639663399041986
2025-10-12,46855.75918527353,1776.382277005022,84.24943380820244,0.14592870491331644,0.10521132242914318,2.091053609873902,0.18806732424949607
2025-10-13,46748.70503709973,1805.526082324457,88.61510784198407,0.15297286660404572,0.10992739951459449,2.21437880727034,0.17519529399214148
2025-10-14,45730.740275349875,1749.2129083439709,85.8450586213347,0.14715584747259053,0.10745244010624082,2.376834493903601,0.17175338391650435
2025-10-15,44644.96256834688,1685.6551553429179,82.02063510693138,0.14056017971174012,0.10084240711196686,2.136301280771131,0.15595160178657227
2025-10-16,43460.49345902416,1641.5330975239606,77.84137143958101,0.1321509678378925,0.09584191690934042,1.8657298282002142,0.14505004604509403
2025-10-17,42635.013234936465,1610.4806647901175,76.49289210609773,0.126512827717665,0.09122734261030142,2.0472503349353444,0.1438109155834725
2025-10-18,42791.81030657708,1629.8665639993003,78.62057072723137,0.12824182486893926,0.092910094837686,1.7654024958828543,0.14134983243125301
2025-10-19,43240.843505081924,1664.3745267523407,78.44266654454381,0.13072217869406572,0.09522555593984526,1.7139506158769091,0.14601453081202648
2025-10-20,43866.60498786875,1657.7691609773694,79.02078779825494,0.13293267676899811,0.09802213887137219,1.4553206259246365,0.14298526374933218
2025-10-21,42892.793465264695,1609.624346054495,77.08824787229292,0.12877562313233723,0.09491665332465704,1.5038769767411968,0.1422193474066582
2025-10-22,42446.4634525512,1576.3881304883298,74.57307147087307,0.1266668759596419,0.0922330957155395,1.8655818520704754,0.13940989108391763
2025-10-23,43247.84372868854,1591.436734276006,78.9886537523846,0.1286406565778259,0.09146954815631686,1.9869193169415436,0.16549442980072962
2025-10-24,43488.756080278545,1618.9874694652556,79.64575281206886,0.13148472494076088,0.09446669274673627,1.9535499732033434,0.17476993965713233
2025-10-25,43588.566250193195,1621.892883733335,79.60415219217568,0.13102026461031888,0.09530101842244731,1.8523465490387423,0.1708259892368633
2025-10-26,44552.46462570883,1700.6858415912563,81.81499041675016,0.13474739108219036,0.09911370464853815,1.7032912085567113,0.16769580881415483
2025-10-27,44274.60692310122,1680.1495236698445,81.04512225955452,0.13102392407620986,0.10145956388724907,1.6739271338470023,0.17147935577104334
2025-10-28,43684.7824950258,1619.0670897707132,79.05454092076772,0.13005018852008832,0.10678831805878529,1.658602642913164,0.1610720338466421
2025-10-29,42428.33183163845,1582.2310917340876,78.80479329708226,0.12932489773608896,0.11018001127862291,1.6461220470660176,0.15809667477622838
2025-10-30,41621.75707029213,1537.4908730291274,74.61365999075227,0.12213100078174,0.10740551846803816,1.5769151914358301,0.14948968585975284
2025-10-31,41969.25521657911,1550.0923390662215,75.4317417511523,0.12454399645242072,0.10972544173343692,1.6800458502318087,0.15030617742732955
2025-11-01,42030.497682816625,1556.3387215466503,74.87259024139273,0.12553084369677053,0.10685969536134682,1.6233633091335509,0.1527367048182354
2025-11-02,42116.72645049191,1566.445850277461,75.22742520274595,0.12518831644922804,0.10588550164725267,1.5088311654628306,0.16077975306816017
2025-11-03,40430.76944788052,1438.462421717963,66.32281887703651,0.11192650679210021,0.09508675111069004,1.5060434428469982,0.14295669152163948
2025-11-04,38427.89356715525,1310.8421198910519,61.869227291805664,0.10789303784713584,0.09138612289477988,1.360102951659549,0.12730767216547778
2025-11-05,39174.14588805036,1359.5468410353678,64.52704944794516,0.11297467404720052,0.09470446766514314,1.3838941551151183,0.1296529570221797
2025-11-06,38076.570153609166,1310.7900872296286,61.365654380383546,0.1096882319788495,0.08774890888427118,1.3578155210104337,0.1266003412632153
2025-11-07,38732.203882836686,1355.4107658112368,63.80256070375197,0.1257828608851656,0.09514569740373437,1.3092200411251071,0.14246894594778747
2025-11-08,38202.521328271905,1337.612096643055,62.193072000552185,0.12369031498233068,0.0942173979446794,1.4124636607550853,0.14237804800468357
2025-11-09,38989.278178215085,1405.0807153175633,64.49772398198252,0.12351343508154221,0.09462281751056484,1.2899252550452267,0.15979962935714015
2025-11-10,39339.94018492103,1395.3344270969492,65.44362154771731,0.13093698539484766,0.10361180120284366,1.3248694855971366,0.15402714801790932
2025-11-11,38105.97444241782,1331.4387611246284,60.258055010044366,0.12325260809304679,0.09485077964380285,1.3121397863449502,0.1457552484784993
2025-11-12,37493.41306854117,1326.6000039824014,59.569823625786434,0.11887863928550886,0.09264381290808371,1.3591711552507022,0.1395016916274164
2025-11-13,36652.21475554781,1252.7427634400408,56.231751143283255,0.11629295141022626,0.08789075819975449,1.2797115233344283,0.12488748598452554
2025-11-14,34594.140520214714,1199.1614754932627,53.57832710855718,0.11110171561523255,0.08097505709136492,1.3288619690690977,0.1240074823602553
2025-11-15,34905.37254324399,1219.777367582434,53.748562029103404,0.11280079422180525,0.08189061330113527,1.317619387938527,0.11681785231666238
2025-11-16,34295.36292354359,1187.7872936824774,52.71598316341005,0.10957734600231588,0.07749122744774323,1.3134827364728658,0.1111734230820924
2025-11-17,33430.715526135085,1158.074396905376,50.10087042391312,0.10487767836910095,0.07680278127752833,1.2520910246805865,0.11192312771393502
2025-11-18,33634.40867954089,1192.1845198864892,53.71714394762185,0.10785386121990732,0.07919000592515119,1.1985066260505823,0.11433290119047959
2025-11-19,32993.169871262995,1150.5880232111656,52.05383132071457,0.10437224672899717,0.07603086338361086,1.2449304976431523,0.12693701429941945
2025-11-20,31150.63893711933,1074.5528670203266,50.664726596761135,0.0988302252736125,0.07145732719511025,1.3187534972207124,0.12585421618652914
2025-11-21,30499.72293608028,1046.3348984614156,48.61503391702021,0.09370458529510704,0.06838263221644676,1.5620947867073371,0.11543888657788937
2025-11-22,30245.24737153782,1043.9203571958922,48.11133765471725,0.09287325024553542,0.06872889053051244,1.7062407343450836,0.11410616117592158
2025-11-23,30917.766316053836,1053.6052123333236,49.1532690668594,0.09819985298489044,0.07718447204722129,1.6915772468706685,0.11433457767426611
2025-11-24,31340.35836170608,1107.0784706361028,51.880398252960674,0.09810379049397934,0.07711812782356148,1.5536616013554194,0.11401927925690906
2025-11-25,30912.589492879426,1105.714599394863,51.91929471229897,0.09983431672480318,0.07515404051197722,1.5213127736215735,0.11374246215967478
2025-11-26,31935.538496183217,1128.4446293125568,53.29965635490104,0.09965523689271316,0.0766414443549801,1.4228355705941031,0.11910805403273526
2025-11-27,32104.319616359095,1120.1336291210023,52.335241123136946,0.09822305421931764,0.07603399994769444,1.484969874087876,0.12643621864805138
2025-11-28,31874.46615083738,1123.3585155161475,50.89807157500068,0.09749887139752875,0.07498816756505255,1.514219435212959,0.13619518278903558
2025-11-29,31750.097932930796,1104.9906517874642,50.26231141118315,0.09480549971510961,0.0738211207869958,1.4365136851018416,0.13633209567415688
2025-11-30,31490.356326574667,1101.8379796291836,49.1849114246337,0.09287908313979912,0.07282746646337823,1.4221020502565278,0.12474478657045233
2025-12-01,29976.4731564222,1028.0737465491163,46.52051027313781,0.08835625513853698,0.06830219100008757,1.3675446092865355,0.1122847588390984
2025-12-02,31622.44562639874,1097.3797416500558,50.76095040783716,0.09393645413386992,0.074001762557482,1.4148938200509664,0.12538300478560857
2025-12-03,32273.897236675126,1164.7582044180756,52.880438464444445,0.09719597820659744,0.07463270323297307,1.4421722556355627,0.13324805813985482
2025-12-04,31695.0376902975,1140.4365162140664,50.58112251756452,0.09352786900899326,0.07109226584773952,1.4065641555185906,0.12020076518725956
2025-12-05,30650.543731740257,1097.1584278419857,48.36491918952859,0.08957628499837408,0.06824218850292207,1.4847692031975792,0.11637417683105203
2025-12-06,30514.198183849167,1099.5773254778458,47.86756882175476,0.09000984173117084,0.06803781481497033,1.6065128006792977,0.11364530682384343
2025-12-07,30803.85963887932,1103.8899242101375,47.632271851582,0.08931438122175138,0.06634402608281316,1.596288650755142,0.11649660780073767
2025-12-08,30786.138020240305,1123.5548594995792,47.91549261266524,0.08968922052186594,0.06805541102642132,1.856157114879853,0.12012250780424331
2025-12-09,31383.398735915733,1190.4133109867207,49.42915683865924,0.0927335944879341,0.07017346547457999,1.856891511210893,0.12079487849874111
2025-12-10,31057.786531755086,1188.3752066336256,48.769136465084124,0.09061149369391477,0.06787941688482335,1.822406689495987,0.1156438696439781
2025-12-11,31124.579801863347,1153.3428457039493,48.58832467068126,0.0869853311017055,0.06532638010984969,1.9362087412743443,0.11700984782712216
2025-12-12,30274.620862313306,1095.5794734823437,47.005080436906184,0.08220204339140053,0.06212119912563481,1.877721546374227,0.11483399564120551
2025-12-13,30188.362979661273,1103.8159762336422,47.191229223674306,0.08150044421101711,0.06163015869218955,1.932246305932553,0.11321123082910654
2025-12-14,29385.230396139552,1080.7002948567022,45.71995620300984,0.07938280082100484,0.05907909360920174,1.88851950625616,0.11420890474049795
2025-12-15,28709.170440119313,1043.5219496946295,44.97608695348753,0.07693950000288771,0.05693234905089429,1.8286058150543392,0.11070660156878938
2025-12-16,29090.034821306952,1040.395303785621,45.36576926893245,0.07777554705313938,0.056974343670554324,1.7895443072060795,0.10347870999634265
2025-12-17,28436.802525049054,990.8149901700285,43.08426721655629,0.07402670342290599,0.05444908798339104,1.8940760186146401,0.09074110473267849
2025-12-18,28122.719552354738,986.3347473747917,41.71677172218564,0.07124130214026074,0.052022905532247345,1.8823130714659548,0.08621360838909489
2025-12-19,28900.07710061023,1035.8704590009188,43.895442193679976,0.07612499740379707,0.055393053493103576,1.885898782740903,0.08645144976611287
2025-12-20,28887.383751474084,1032.6328813658006,43.63088067503368,0.0760461768371326,0.05613189008583076,1.9272939794391577,0.08994040758758244
2025-12-21,28886.585355670366,1037.8487562263517,43.56327379100022,0.07374027578153503,0.055115271701379906,1.9623082466068735,0.08967595060016076
2025-12-22,28752.452305438597,1036.2773483765868,43.36718862217661,0.07388428675656859,0.05608234359768394,2.000319359254729,0.09291273986676786
2025-12-23,28313.02991086319,1018.497489678099,42.56913317588563,0.07503256272180626,0.054179377681056795,2.1846885249539847,0.0868126894787753
2025-12-24,28287.429791765844,1009.3527988117498,41.962360479049195,0.07448286923570194,0.05351239847713484,2.6372993101685167,0.09674233532800947
2025-12-25,28076.586390608394,991.9766772056066,40.97864119699967,0.07535821552967861,0.05318360884553058,2.927617295234452,0.09255692001330114
2025-12-26,28009.21340129441,996.5553026828546,41.621877537399115,0.07771478466016815,0.05444493547115701,3.0630787506999746,0.09313909213214244
2025-12-27,28080.79972523727,1001.1270292378332,42.32980551734944,0.07881276371836395,0.05606071617239175,2.769894286975957,0.0928252519468681
2025-12-28,28002.755187498176,998.3210788158068,42.38978085062753,0.0786165235018962,0.05600991708156281,2.5582508355030504,0.0951965809247504
2025-12-29,27692.492548768794,990.5946523950256,41.56265128832485,0.07684935771456958,0.054623931467148015,2.703414204158791,0.08533436532524317
2025-12-30,28014.235185907724,1000.0388593763623,42.04599540799569,0.07515037487647222,0.05406336650600642,2.7389492791675205,0.08083805552559407
2025-12-31,27634.721694276228,995.5738376290047,41.770107055267495,0.07211653511373815,0.05128650586357651,2.7678423211883874,0.07096364871375453
2026-01-01,27932.39374550925,1003.7507255004181,42.406616484652425,0.07839224977597453,0.05504750143420473,2.8056120466720045,0.07870928490212259
2026-01-02,28224.62954609945,1042.1120805891042,44.07153190416781,0.08308014169308459,0.05845803940783523,2.591642435509083,0.077007738488082
2026-01-03,28341.374342515697,1039.4875318255206,44.326859521489915,0.08333193001926516,0.05795389463389889,2.46436544939966,0.07846247976236762
2026-01-04,28504.436766147723,1041.2782365232586,44.39337995438723,0.08841692588376164,0.059963538114284606,2.5830721907807614,0.07875437091242304
2026-01-05,29181.781195246615,1066.394563099714,45.61246513616306,0.0907741294796441,0.06299994506539325,2.4982479038851473,0.07669524077639239
2026-01-06,29041.94912983113,1086.2087957005235,46.500248437427686,0.09246849865903105,0.06147565077629665,2.3235886633448724,0.07642170404972334
2026-01-07,28202.360287595253,1040.5355229316147,44.7886092780885,0.08834023118027712,0.05877298274904611,2.3429612257075063,0.07359736781255424
2026-01-08,28026.697527497687,1016.9570100564887,45.30320166439282,0.08706838808239965,0.05726651903335691,2.451792523011356,0.0772552965073921
2026-01-09,27780.322385477455,1006.9424199628912,44.33888489079519,0.08612363041441018,0.056960025867291805,2.5785017029280954,0.07975023841313891
2026-01-10,27653.80216164261,1003.7140955940138,44.196497870099336,0.08638002456650798,0.05572020977318063,2.613557548733172,0.08046516624245675
2026-01-11,27700.810511714335,1012.5537930882368,45.285923069290995,0.08527273787832283,0.05536325088157318,2.446674049289186,0.0803619347067824
2026-01-12,27724.35828944218,1000.923724694213,45.03559600819025,0.08315285345275078,0.0542018312886816,2.3828157729660764,0.08233613047779523
2026-01-13,28887.963075427757,1072.074703341884,46.90946238425711,0.08915658350983074,0.057465474189122366,2.532300835936573,0.09406866969451401
2026-01-14,29282.267760536746,1079.3608940538745,47.216791927493254,0.08787843336004433,0.05796106102354224,2.6226643131837566,0.11228262313004123
2026-01-15,28774.668438594075,1064.059493901929,45.657389684985,0.08226467197211151,0.0551648452459871,2.7603426998809764,0.09840771360883468
2026-01-16,28675.866679315855,1053.9578864960706,46.329134977092565,0.08362263508069709,0.05547505884430014,2.7317020842788646,0.08698204083436797
2026-01-17,28457.966758907693,1055.06777437704,45.82851360929013,0.08422270304699724,0.0553880225741743,2.9738798576496626,0.09455600896690279
2026-01-18,27930.84092254811,1043.0992419403822,43.869552447050275,0.07868047868549675,0.05215743338340158,2.8004449648347927,0.09853200642005015
2026-01-19,27521.142715469206,1010.0109144374181,42.26217604448062,0.07727554057150601,0.05150978945161683,2.7576043581548553,0.09742170166251964
2026-01-20,26176.54062250093,927.6635254848557,39.72352861324768,0.07300700143017526,0.04897675658067137,2.6306322105038196,0.09101401721963417
2026-01-21,26408.773240606737,938.52525050596,40.7618524117441,0.0749748340630406,0.05054945016532726,2.742588413253837,0.09170267889397259
2026-01-22,26350.458778081604,926.5204675950652,40.29713716517666,0.07550188363252254,0.04993276207116516,2.6026457480844307,0.08707189343905201
2026-01-23,26279.309549808786,924.8797112887397,39.88618913358695,0.07642615773327605,0.05044127541173328,2.493128849381869,0.08934894828388065
2026-01-24,26081.1579538236,920.6992949537257,39.67061584082916,0.07528140398028367,0.049918449385639725,2.614913002989292,0.08287398650584259
2026-01-25,25258.068042372386,876.5888230932665,36.97392409504673,0.07274497176092418,0.047359033397735444,2.454310290684615,0.07657588727644761
2026-01-26,25671.152868561614,908.2755175339342,38.52886665443796,0.07744706317818996,0.04882711527666261,2.474795201164066,0.0781709406647336
2026-01-27,25832.193261302902,935.1845981942054,39.31548433384936,0.07723572073505473,0.04943592278719383,2.478708466444577,0.08614144313138933
2026-01-28,25774.218586728457,927.5694030035269,38.60033130408268,0.07905216947269955,0.04882761082329968,2.460950364593985,0.07619149207770538
2026-01-29,24360.917261845643,866.8493948123381,36.17390734619314,0.07225455179950688,0.04600518365322717,2.32248473913978,0.07094362944480638
2026-01-30,24159.570182857693,828.7233509922518,35.99111174763559,0.07062187980648187,0.04480776074168963,2.1012140859759167,0.06638258429846963
2026-01-31,22506.563921840658,747.5774754181714,32.23838176697244,0.06542030577115782,0.04210908009529854,2.0884198340124644,0.06653079910820886
2026-02-01,21965.509819792638,691.344438734393,30.742297318593423,0.06332228343793073,0.040178320103888554,1.8115752054975605,0.06400197282647443
2026-02-02,22383.71597747621,712.4903088159149,31.750579842618098,0.06592481130012262,0.042122699075916134,2.252560154457252,0.0639699798389746
2026-02-03,21446.610047926166,674.9654965291181,29.562527219188993,0.06654752760379619,0.04075191531738276,2.1033539346040975,0.06462888618414282
2026-02-04,20639.9663555668,647.5507845944858,27.80197478350829,0.06461974360071593,0.04020900927621875,2.1117106408618995,0.058910105157231496
2026-02-05,17667.525481364217,548.6804073054329,23.54959716666109,0.055360050389653304,0.03513482894240682,2.3168214438152157,0.051715946707150844
2026-02-06,19817.487413767212,619.6185633936617,26.264970778953455,0.061893557642601765,0.04087943600076296,2.327646473244852,0.062376553645691224
2026-02-07,19398.285408194813,625.8946969661828,26.23870452386604,0.06111568080620529,0.040272801315758514,1.9484829068199847,0.05743217253073563
2026-02-08,19611.24743476269,623.4866008803648,25.9822847573342,0.06056824797037454,0.040758676808567915,2.057189382270794,0.05462313695737705
2026-02-09,19509.19451968544,626.0248408876317,25.80257878453621,0.059852858733651516,0.041013779888426034,1.853746899885485,0.05573322788429612
2026-02-10,19079.528691571555,599.2051132576569,24.6018537210558,0.057113495141941376,0.04031615185006931,1.9366586966619537,0.05062394618008139
2026-02-11,18521.015792784507,574.0769680690082,23.445088649167143,0.055350005215856125,0.03950482801512651,1.8230031359239423,0.05248342557054494
2026-02-12,18250.218292592333,574.2211118073393,23.10770437074197,0.05706995041424443,0.041227468561745216,1.7454791244545522,0.05367528421937987
2026-02-13,18916.681349637474,602.3727532170859,24.795178303878426,0.05840994844876087,0.0436841900379647,1.6276676105729235,0.0546694146321642
2026-02-14,19106.018885120197,611.5570934854564,25.84618013925764,0.06185347342983996,0.04583524948874001,1.6824105598175483,0.05493876514711703
2026-02-15,18778.239077660026,574.6597671672668,25.138651330836886,0.05938453076859848,0.0441686889562168,1.746551187300064,0.05669782129737884
2026-02-16,18733.826984359563,582.2272174236136,25.186819094315087,0.05854327814243819,0.04472394431016744,1.6394611706013693,0.06171451083974546
2026-02-17,18308.680275749113,578.8202565198204,24.753660311360992,0.05752952777543633,0.04477101092005848,1.5955683638479283,0.055922538748256125
2026-02-18,17961.75868610296,566.015004997666,23.627803431894556,0.056147474789209235,0.04339356148851574,1.7180638360943106,0.0569007968168024
2026-02-19,18048.425296767004,562.6522067173405,23.795667116095938,0.054904902852709894,0.042628321257168034,1.7196096543347954,0.059282953378516835
2026-02-20,18272.930713745318,566.9620803831912,24.369910130162936,0.05575349472348372,0.043508562772637475,1.528709765383895,0.059793708393501406
2026-02-21,18214.714330698218,566.6172726269618,24.462274828723093,0.0552447170942145,0.04339813220416055,1.4174074960103884,0.06269507553694699
2026-02-22,18065.176898462054,560.3601436043234,23.696304028068344,0.053367947111318155,0.042575703409540026,1.253320959280089,0.06543928108027516
2026-02-23,17198.23594255898,529.4882603687893,22.187769985159548,0.0514973223576383,0.04111403066897112,1.3260710379404874,0.060337784468774
2026-02-24,17001.467093921863,527.1814290113018,22.48638575039685,0.05125327160402267,0.04113397119871517,1.3281851395194584,0.05949420281239911
2026-02-25,17973.9077375937,582.8034852147463,24.93761496399013,0.05568712542975829,0.043929135602721534,1.3728025949330775,0.06174949545404227
2026-02-26,17783.585317137302,573.1857434427085,24.295471565054946,0.0538929328263528,0.04416665732033859,1.4020045415212088,0.06490911708704138
2026-02-27,17314.23242089055,544.3921984827693,23.106810985560536,0.05289373614038158,0.04319435761478544,1.4309377124990639,0.0603006336538003
2026-02-28,17551.34907114292,552.400453558277,23.71639581214002,0.05368857695205422,0.04305484335125316,1.4594565949880598,0.05649640351777354
2026-03-01,17167.396337342874,543.4632180779976,23.424354103692856,0.052234471577373695,0.04152426099945479,1.3665467232064,0.05610089149113601
2026-03-02,17903.914127111482,566.4817174118178,24.208368219777217,0.053572584384897926,0.04187768834438499,1.2759297957662221,0.054181627078153174
2026-03-03,17722.17653980087,552.3873889283216,24.24317496777759,0.05243515851424402,0.041358069838072976,1.3190580881072953,0.05305787188783067
2026-03-04,18808.712833568217,590.6568604907355,25.230071600671682,0.05401344498821708,0.04306809610781189,1.6116038464904916,0.056280130564475096
2026-03-05,18267.18645256627,573.6842594978335,24.56099570512115,0.05295569868888972,0.04228187922862058,1.456324550910142,0.051072855989654234
2026-03-06,17514.216655070562,546.3289288256873,23.380461910091174,0.0511728738640813,0.04135489556726606,1.4443513484207204,0.05014032133670999
2026-03-07,17237.483086823082,542.1335424227296,22.897011220515132,0.05028727678271428,0.040516500517359805,1.4289965568418375,0.050454810406419595
2026-03-08,16850.215465637117,531.4938267085034,22.40155867770322,0.049492583036236985,0.03970493973045272,1.3810598834177434,0.05043523513328221
2026-03-09,17416.319351926402,545.3159369190414,23.240584040018643,0.05026069453164404,0.03974024911639841,1.3098246489535907,0.05191030049263303
2026-03-10,17748.199192816654,555.7355557474596,23.41705107585403,0.05151268283600573,0.0400082895044285,1.3220510677224977,0.051536448525993706
2026-03-11,17762.411855410075,558.0018138582432,23.544560374798184,0.051928152138571604,0.03953375209310261,1.4255847594155262,0.04936071910348319
2026-03-12,17779.034977059706,562.1776071110897,23.556158888354656,0.05359955754433187,0.03972205185020355,1.445410554300734,0.047218528617071445
2026-03-13,17842.194816740037,565.7459564094871,23.833144276988527,0.05652430054799204,0.039771469326172794,1.428924129815358,0.04939903433318926
2026-03-14,17847.525502316275,565.2704903021129,23.739486194291498,0.054639191928931276,0.03907609997087732,1.3244436321508506,0.04981558498444135
2026-03-15,18184.642196699904,585.1813698176362,24.792025495304607,0.05547052795721662,0.0400487165126186,1.3217185553245772,0.0508767721767126
2026-03-16,18642.94036926798,629.9691930681646,25.78198371272908,0.0582718023772153,0.04168518450986385,1.4042291542577352,0.04796885764161145
2026-03-17,18350.99133449302,619.2339128257694,25.29930809805292,0.05671719032780884,0.04096852231365224,1.4472276319423065,0.04786543017618848
2026-03-18,17630.54229673128,586.9150974896893,23.987662164319442,0.053892814993486866,0.039676267107771696,1.3634357153340022,0.04643860152326878
2026-03-19,17246.02924191013,567.5657287365873,23.611003949888406,0.05319047642364202,0.038378679241180456,1.3368059869236375,0.045066098472486237
2026-03-20,17341.45179563068,568.2676501553634,23.788001967200422,0.053614530541255874,0.03841868113667605,1.3344403484931275,0.0447006059756867
2026-03-21,16842.69313296828,548.139891478059,23.08638259456007,0.051730332333805,0.037652694164426466,1.312216855898241,0.040502289944805966
2026-03-22,16577.761591276176,540.2764552363099,22.66537925793258,0.05091374870900491,0.03659969393957578,1.299949688878023,0.03877534703696026
2026-03-23,17273.035784378128,564.6582952560625,23.986925233034704,0.0519622016255991,0.038195827316421814,1.307843234063478,0.039853720454507115
2026-03-24,17122.031091607583,563.8976659533561,23.75768924471029,0.05178823377626581,0.03852361986496869,1.2103510292405162,0.03808562154393114
2026-03-25,17259.595678257498,565.4208223793945,23.917538805196383,0.051857699648990764,0.03864421687488132,1.1273224090815543,0.03969079230290711
2026-03-26,16597.44345131789,535.5298152061837,22.47707754079296,0.049763464797010326,0.03712812680428864,1.1357658646367463,0.03940810943130611
2026-03-27,15954.940622988703,516.2178652082647,21.52182295809686,0.04810883179464376,0.03620340250441487,1.1036307031526,0.04010787238606597
2026-03-28,15900.01813747872,515.03922465721,21.198056412542687,0.04819454417939798,0.036417533593740115,1.034238383590039,0.04003435014142577
2026-03-29,15762.570492517552,510.8847684433937,20.981695965868816,0.047814345343737547,0.0356409722950499,1.0184600999007534,0.03983804297000977
2026-03-30,15888.199891503258,519.8765211757321,21.181325603454564,0.04842648197176054,0.035216949738232466,1.039054050440943,0.03724916612304654
2026-03-31,16204.131360966316,539.1167427686446,21.287551034518398,0.055377931922071286,0.03532082464366498,1.5802051744780077,0.05415395193919309
2026-04-01,16116.263559315272,546.1921162832151,20.735700154513683,0.060209414068515314,0.03560568171754961,1.5674898505576227,0.059650765058658635
2026-04-02,15784.494622608274,523.7069120578477,20.102243382316974,0.06241079860872838,0.035319221710436735,1.6321344227325767,0.05530515931883014
2026-04-03,15744.59432245612,521.2579649798116,20.401794749826532,0.07216833828696358,0.03514521471604268,1.5886197957676471,0.05449610929432529
2026-04-04,15779.095061068952,522.7251180998414,20.451999946289263,0.07052175740465261,0.035014979048895035,1.5705262657237342,0.052094811892613835
2026-04-05,16124.56892021171,532.1721870123887,20.654705970583787,0.07103895576464062,0.03512111776303741,1.4125205396575904,0.056967931400161945
2026-04-06,16045.144737341245,530.2675819773252,20.16441680637749,0.06954993468340975,0.03484690242023229,1.33272285520105,0.054172889313380344
2026-04-07,16710.02566739662,562.3010348965907,21.48265775017003,0.06863720716831695,0.03658970347074994,1.3177498105733032,0.05562925818072331
2026-04-08,16467.946009568746,547.745073429609,20.651501993791737,0.06659835120874145,0.03530834721158869,1.3065962681828758,0.04989366812356114
2026-04-09,16564.628897898863,545.8072538261875,20.768165132903725,0.06528489451614974,0.0354172484189794,1.3183029574830605,0.050239220461497626
2026-04-10,16790.932986033662,558.0937873163223,21.086463361442554,0.06405123162762053,0.035416461889216655,1.3120743676863134,0.04831658719354635
2026-04-11,16755.09911395082,566.3951768667239,21.053111261691694,0.06295347360162042,0.03487144533602224,1.334846069614281,0.046035250827471376
2026-04-12,16176.086562795099,541.672415541728,20.14659372071246,0.05919141758885455,0.033552354117138666,1.3424431906159024,0.04349873773798534
2026-04-13,16975.304385610914,584.0267639653404,21.347886729140107,0.0633518926586925,0.03453181916515962,1.3112584742416495,0.04019120020324302
2026-04-14,16852.790769114577,570.6337393978351,20.576099615636785,0.06243751538634042,0.03335173991127466,1.3302301366926548,0.036745304587639624
2026-04-15,16940.701604230642,577.7714153073257,20.794775951326365,0.06519227203346409,0.0340839724406399,1.3438242554006417,0.03426623970078858
2026-04-16,16965.488004654224,573.4059060303276,21.727338437595034,0.06695921928216517,0.03538306990233637,1.3127695324311013,0.03975780778562358
2026-04-17,17356.23474456088,589.3178044733697,21.633032852437637,0.06408327283535568,0.03540359891387283,1.331081446513335,0.041381499970069624
2026-04-18,16987.158586834004,570.5716950425558,20.919916559549545,0.06156621895380098,0.034571844238339595,1.383834869157181,0.04305173389891683
2026-04-19,16515.324017002546,548.0099201264727,20.22289943852256,0.05851130691915602,0.03391877830093505,1.2698443087099263,0.040210528360831166
2026-04-20,16912.527319072677,558.5011696536582,20.584960065832238,0.059511272869869986,0.034765158177151305,1.2826459656084728,0.04120822471382096
2026-04-21,16965.76838622377,559.8965974847507,20.69081435084746,0.059310884409188594,0.03494785261120578,1.2681202840512131,0.03794570440172278
2026-04-22,17321.975843571825,569.7574668650278,20.84137347235789,0.059184916886753224,0.035047079827575635,1.2575243239536769,0.04082101658999015
2026-04-23,17281.7496743314,557.3944092386491,20.593720179265322,0.060035911079775496,0.034992464436149624,1.2552034940804877,0.03913912376549449
2026-04-24,17048.027203309714,551.9530886808379,20.553678946165153,0.06291679819551266,0.034972524151238034,1.2471452245475514,0.037010862483621385
2026-04-25,17028.50870942211,551.0456414970321,20.472931904329755,0.06596302215204715,0.03500738962944673,1.213877835377037,0.03657838863436051
2026-04-26,17203.338791376915,561.4545815795246,20.6056978425699,0.06855879844355461,0.03536322138362565,1.2081229368996067,0.039491866212377984
2026-04-27,16867.502123029055,544.0252569575107,20.03549148626464,0.06665255131773076,0.034303617224018465,1.1396252341637478,0.03613927625407787
2026-04-28,16593.374650050762,539.1822546799748,19.792057520361276,0.06376077514430008,0.03392083546625216,1.1300245120911665,0.03820997688145743
2026-04-29,16416.441654294977,529.113235479222,19.49512236413666,0.06279675182942479,0.033736596191204594,1.124749527439004,0.03682498195354641
2026-04-30,16478.60532770899,528.1920576482943,19.43599592756726,0.06261039168451565,0.033173876273486114,1.134288993713492,0.03417898949224443
2026-05-01,16830.07956825115,535.6757164372578,19.54109609360505,0.06165205106094475,0.03340934686743778,1.0941733938496323,0.034036360036677
2026-05-02,16879.49895223246,538.989978362982,19.611269604496616,0.0639846307450692,0.033504517788628035,1.0790256140013512,0.03639490453674082
2026-05-03,16800.670598223893,538.6291375032177,19.465049796583525,0.06418027678401467,0.0331219274773033,0.9757737407591667,0.041003168121577865
2026-05-04,17022.564923883852,542.7431715402835,19.450756757983445,0.06324131219838931,0.033038792563537284,1.0590252424087634,0.041138583787344855
2026-05-05,17202.387623609957,544.5271925250388,19.90661221317011,0.0678466516628036,0.033962201817916635,1.0669092640372084,0.042953597482964984
2026-05-06,17254.047797922303,540.5092908769939,20.496711867702626,0.0674818647652306,0.03429292504526718,1.0746128737070055,0.03976060862732781
2026-05-07,16900.077300026795,525.2060577579304,20.265624958427516,0.0723685486425313,0.03372249500917621,1.0179577255468966,0.03704722654328139
2026-05-08,16883.86587725736,527.2586335658665,21.015137459906008,0.07511458852361026,0.0346188088959326,1.0334810761746476,0.03864103144930519
2026-05-09,16930.729162536845,530.1807386521615,21.22464385357981,0.07241141949588595,0.034627985094511426,1.0144581400161155,0.03805432440510356
2026-05-10,17185.71894029944,538.2061978645131,21.90655938779757,0.07254278116716001,0.036269981876372946,1.0007075863660122,0.040484960406856785
2026-05-11,17045.739552395185,529.870705911479,22.050037080753473,0.06907019215819842,0.03601730136486425,0.9394726540778281,0.03871349944947496
2026-05-12,16731.79628792216,513.6687692110233,21.29164247341962,0.0684609699733534,0.034771275557441784,0.9379617612075628,0.03875891699815453
2026-05-13,16430.11930786532,508.28745028190724,20.50765681574015,0.06607901990745933,0.03459484531230823,0.9359469046414388,0.0373215590915374
2026-05-14,16744.6979965218,512.0082019055336,20.684898110062555,0.06634428694442154,0.03505427139132101,0.9477647179457876,0.03583495378095357
2026-05-15,16282.847104254743,497.58223383807206,19.963089137937093,0.06325337683736576,0.03421566858122636,1.0392898019806625,0.034524362427584
2026-05-16,16039.576050601083,486.3684023846339,19.308899481088,0.06151444614093664,0.03355612306331381,1.0114600176993704,0.03396194348849872
2026-05-17,15845.189106784832,473.31973714037815,18.94772561303027,0.05998627515843701,0.03305217629129797,0.9767569172288024,0.03467589545076882
2026-05-18,15698.15842256035,472.0950561660058,18.918458520491022,0.06056715667916865,0.033009954289254774,1.0099033805015254,0.034439158944275745
2026-05-19,15607.192424905857,466.5784166006109,18.62113243676728,0.0626091041578734,0.032354891198672554,1.0460411239032321,0.033513669565163315
2026-05-20,15701.133842259876,468.9330510749824,18.969545743971157,0.06526274398444659,0.03237892873294375,0.9987027796350901,0.03228830173941767
2026-05-21,15667.93998766193,468.5015049396119,19.157647048617548,0.06357498319129058,0.032701765500053916,0.9404471795954021,0.035060299001311516
2026-05-22,15205.292806246905,452.4646710408225,18.475877731743385,0.06182180255835842,0.0319410672132211,0.9815435429471865,0.03420108214894767
2026-05-23,15395.17909350076,462.3211744838442,18.715803813222784,0.06348327027027348,0.03253349117932214,1.059352806004899,0.03448122217054454
2026-05-24,15408.103853534647,457.0244450587254,18.570690092927276,0.0617158664741954,0.03199711416882901,0.9914740601217571,0.03872796456693051
2026-05-25,15419.006653923803,458.5606105121897,18.463112913235555,0.06217678949257227,0.03181936796476604,0.978318890629188,0.03379395405930279
2026-05-26,15081.031146511254,448.41465235746847,18.099462309535294,0.05981916457685978,0.031177039164420797,1.003440700918716,0.030667319912591518
2026-05-27,14739.718092914436,436.56638016210667,17.782210379522333,0.0585941405190212,0.030797697502663767,0.996931256117418,0.030606291977390745
2026-05-28,14533.397719801682,432.10633947978585,17.646571626803,0.0634447463194924,0.032688533793305274,1.0345162179073144,0.02955751409074501
2026-05-29,14455.132263578482,431.76171613432206,17.582350472512076,0.06738420943574384,0.03566564231441764,0.9780708401400897,0.030231382253205402
2026-05-30,14484.511388866295,432.0686822612436,17.661222149441965,0.0680764300568823,0.033972112845494465,0.982237569914092,0.03447752815367649
2026-05-31,14404.428143219573,427.54984718361277,17.55520473340759,0.06976166003030099,0.034436891302443054,0.9293558147890005,0.034144144505699275
2026-06-01,13917.869865410616,426.03084920724393,17.24501143999726,0.06565680136269227,0.03280573795039644,1.0366199355597887,0.033685923802562086
2026-06-02,12975.89105034527,393.9024230040375,15.720943090110417,0.061404957498687164,0.030888679568061548,0.9639537896623978,0.030240478174404294
2026-06-03,12413.371174156182,383.00143590546395,15.138905867858904,0.05813232468452048,0.030219777860117238,1.0072331378749946,0.02961176295059682
2026-06-04,12332.990969010716,372.96994103330525,14.48371103822322,0.05469694567800401,0.029657552100068454,0.9435766138172221,0.029593104093407263
2026-06-05,11739.258532406924,332.195885999907,13.340896625635002,0.050764678505878374,0.028361557892306145,0.9692286762227705,0.028101747160773745
2026-06-06,11691.529734600494,328.667199065996,13.029174882906291,0.05020833542256779,0.02814685893990552,0.938473505356119,0.028745849043039808
2026-06-07,12108.763113890947,352.2528102980731,13.850900217914896,0.05127075674671184,0.028801047277863378,0.9899883545740008,0.03056166532974624
2026-06-08,12042.053248315236,351.97906842379916,13.910271369594122,0.05002232374074578,0.028579075214657242,0.9656454015498066,0.029841934859021764
2026-06-09,11728.702225494057,340.03622879171013,13.488040340555816,0.04948268885095726,0.027831216486008253,0.9479809479130996,0.028544242472795776
2026-06-10,11654.731869227266,335.3807393131235,13.074794413541047,0.04704021829362607,0.02719576224224514,0.960968790972094,0.02822924626492765
2026-06-11,12017.143658181509,345.1377546714995,13.791224178850849,0.04798255904704387,0.02768484085270476,0.934975657964492,0.029279072033842862
2026-06-12,11975.784395671602,342.63206026421847,13.734946699511035,0.04707550023473071,0.027122051138964664,0.8643585726609556,0.02813802496599414
2026-06-13,12102.89523633361,344.7008026622613,14.1294481847385,0.04843189382251424,0.02723343352845239,0.8860554435591169,0.02850410479673991
2026-06-14,12306.043926114366,352.7494810404949,14.556210693838791,0.04988378411503598,0.028148262527058026,0.95497481794587,0.02792184064555717
2026-06-15,12375.245916228117,366.03855700523104,15.086280527714514,0.05127348796834762,0.028597156258840663,0.9391449194372157,0.027388484225745406
2026-06-16,12207.926593336737,364.0143640326111,14.926106042541488,0.05086386310787876,0.0278502191083933,0.8967865331528556,0.024746128195371187
2026-06-17,11950.024676205574,354.30639079656993,14.580822103094954,0.05318391319681124,0.027982984367588767,0.9167081143867589,0.02479354057427966
2026-06-18,11630.799981630045,345.49417188069225,14.07141135161376,0.05166996299208265,0.02761712924328295,0.9369827097365079,0.02346276286442365
2026-06-19,11712.806136811623,344.75120096240005,14.04822260814827,0.05118923422168041,0.027661967133357026,0.9168563866539957,0.02429327478939616
2026-06-20,11804.187671950027,349.40748241358506,14.69962173259564,0.0501384882795677,0.02761321529830174,0.9049434169648163,0.025121419598596494
2026-06-21,11583.304150932261,341.40667340625066,14.50447307166944,0.047757766860272485,0.02671010777165823,0.8594853491605023,0.024147373996769396
2026-06-22,11677.155959755735,344.76320169054344,14.35918516283054,0.04779721665465937,0.026866508225949378,0.8892837606639087,0.023928880247743083
2026-06-23,11406.51399779146,331.57124079082314,13.865337486868881,0.05037543133462674,0.02642038936443695,0.8958341292913004,0.026275065405484226
2026-06-24,11066.922867870768,321.54422278370384,13.494069493935372,0.04784045118967314,0.02568058433379379,0.9104884179333504,0.024253239700733096
2026-06-25,10801.608226598566,309.6751794166841,13.372824314813306,0.04519361174249449,0.024896426985973868,0.8859073010373404,0.02494800486329636
2026-06-26,10820.5995828703,311.07564476552403,14.173543883425848,0.0441189977373128,0.02398109003484971,0.8400953802817892,0.025874022501871295
2026-06-27,10772.669854356409,309.15476698889245,13.850830724624426,0.045606879046399776,0.024296108103455935,0.8394355353678734,0.025191509538087575
2026-06-28,10665.55821811467,307.98803642143633,13.986293757659706,0.04647505113766764,0.02394814293074144,0.8069970048971595,0.024190300002185597
2026-06-29,10740.069446313666,314.85659539312815,14.65495839500881,0.045325649445581075,0.024118937602656862,0.8197988387444003,0.025029958555883695
2026-06-30,10424.919629389802,305.9940959092283,14.333543201426792,0.043851111172223685,0.02334888977354161,0.7745835997905989,0.026394192637856966
2026-07-01,10648.373851203072,312.7311004977952,15.040946226124559,0.0446038741329035,0.024097817139181906,0.8147605943693271,0.02815282358259252
2026-07-02,10876.793336562287,329.08173221767106,15.627687522013394,0.04568445290888278,0.023708095579244488,0.8200709207740664,0.031431111828936376
2026-07-03,11029.132278712354,339.3693711391334,15.896974240013325,0.04714605120114685,0.024483876097890506,0.7830570151182819,0.032067004263506775
2026-07-04,11089.906903442794,342.6896455805431,15.727918050394935,0.047729312778804794,0.025750427362143922,0.8224367525273931,0.0317051969822057
2026-07-05,11135.375416190105,342.4261358068302,15.637287832832412,0.047870012763825756,0.02533514982169961,0.7653571580587392,0.031049790468888408
2026-07-06,11178.271687795166,344.1897510186398,15.684677456607641,0.046486553599062876,0.02431947294592137,0.7923920337156325,0.030991752940199117
2026-07-07,11021.458747098588,337.6107136465222,15.395923114749712,0.04519028226455783,0.023528560706926435,0.811898556799562,0.03222374970712164
2026-07-08,10806.129673333024,331.6824605239265,14.805143427832707,0.044376955957321364,0.022891589912116626,0.7244583291077928,0.04041010298567603
2026-07-09,10933.839825407149,331.0318001806298,14.809835532738424,0.04435245787463555,0.02307931729625281,0.7095363031985974,0.03937789834951796
2026-07-10,11060.361545207958,339.7283850994692,14.769473736800842,0.0448120600197307,0.023162722524175658,0.7568229339493633,0.04185020864749834
2026-07-11,10969.495670668739,337.27838720174185,14.490876486730755,0.044090176527154364,0.02254316857352631,0.7691050066900781,0.03795798756607939
2026-07-12,10927.305669349917,339.5945439453129,14.456810825245695,0.04358398892426521,0.02217349542578959,0.8052611338773049,0.03702995442778092
2026-07-13,10633.227398250141,332.5235508443344,14.036179681009125,0.043497185521810186,0.02180226111392755,0.7327289621579236,0.03398377334436519
2026-07-14,11062.325043184714,353.2079097379623,14.536439760218904,0.04409969681730925,0.02200422560421974,0.83148946362905,0.03101473037653581
2026-07-15,10985.9712425541,357.2684239812507,14.400011670618948,0.044274612496074235,0.02215341902586565,0.8970789163878912,0.030441456702799262
2026-07-16,10795.022742752677,346.2105633203313,13.986713684023961,0.042761069416596194,0.021672814503199318,0.9056051190969561,0.028116964339902392
2026-07-17,10779.47926492354,341.0597730569446,13.896579406362296,0.04293701454900595,0.021407227550620172,0.9037422500944792,0.02652490044043422
2026-07-18,10896.262315851034,343.8068173535158,13.937941611438763,0.043091754361839395,0.02174521786258651,0.899918039387546,0.026597672516149123
2026-07-19,10844.077399053996,344.63989632560276,14.06088682398205,0.04288252219019653,0.021510152093137603,0.9028976139599293,0.029713103484638338
2026-07-20,10899.895895642914,349.528668338632,14.28253578264571,0.04305546715150965,0.021541794752417198,0.8883679957096396,0.028122606954106195
2026-07-21,11077.828507430877,352.98921924256643,14.29772198390189,0.043645431347495704,0.022405310610101307,0.8238280049075842,0.029236568631291933
2026-07-22,10975.667776863658,352.8637471990399,14.217966005903552,0.04350319787223521,0.023416184986859212,0.793488962954679,0.0288762609552137
2026-07-23,10766.180532521887,341.5463616754086,13.803013383240438,0.04286740634954435,0.022842794184707076,0.7982125888681199,0.028259611336627223
2026-07-24,10576.003017679608,337.4531862465086,13.402496320924215,0.04420243542654718,0.02266224008275723,0.7820418998617156,0.027792546473881078
2026-07-25,10577.650412429377,338.80185631431937,13.461581579148305,0.04325091740753997,0.02266493456221411,0.7257132417293013,0.026864956576563723
2026-07-26,10712.832723597672,352.2469473818772,13.813209479009375,0.04354464940243216,0.0223869670989643,0.7285136173427276,0.027122868338061837
2026-07-27,10414.947388264429,339.9017726796004,13.329506240056524,0.041045483241552064,0.021698145960376482,0.7426046069998883,0.0250681301410463
2026-07-28,10405.880842652161,344.1417493711185,13.210222431174627,0.04094945373690052,0.021730137666771177,0.7748910625453046,0.024777771322005482
2026-07-29,10378.958243311312,341.06833398052936,13.152436999771748,0.039550345452350394,0.021519835323855773,0.8160663295453515,0.02510611870502456
2026-07-30,10346.14352626437,340.0466622524336,13.113038815597326,0.039504230288398945,0.021476838664199936,0.8159303298240522,0.025093568783413907
