date,BTC-USD,ETH-USD,SOL-USD,QRL-USD,ALGO-USD
2022-11-01,20485.2734375,1579.70458984375,32.2484245300293,0.1562869995832443,0.3600179851055145
2022-11-02,20159.50390625,1519.7117919921875,30.78807640075684,0.1554300040006637,0.3615730106830597
2022-11-03,20209.98828125,1531.541748046875,30.84387969970703,0.1605110019445419,0.3692219853401184
2022-11-04,21147.23046875,1645.0933837890625,33.780853271484375,0.16389100253582,0.4148699939250946
2022-11-05,21282.69140625,1627.968017578125,36.76576232910156,0.1643020063638687,0.4233900010585785
2022-11-06,20926.486328125,1572.2347412109375,32.6835823059082,0.1556019932031631,0.4041379988193512
2022-11-07,20602.81640625,1568.59130859375,29.60134506225586,0.1523279994726181,0.4183439910411834
2022-11-08,18541.271484375,1332.8355712890625,24.152936935424805,0.1447049975395202,0.3322899937629699
2022-11-09,15880.7802734375,1100.1697998046875,13.94085693359375,0.1186710000038147,0.2651059925556183
2022-11-10,17586.771484375,1299.464599609375,17.681407928466797,0.1343629956245422,0.3197720050811767
2022-11-11,17034.29296875,1287.2210693359375,16.326745986938477,0.1303119957447052,0.3022859990596771
2022-11-12,16799.185546875,1255.268310546875,14.53900146484375,0.1281780004501342,0.2733759880065918
2022-11-13,16353.365234375,1221.8192138671875,13.164528846740724,0.1260839998722076,0.2621769905090332
2022-11-14,16618.19921875,1241.604248046875,14.00135612487793,0.1266310065984726,0.2609480023384094
2022-11-15,16884.61328125,1251.7362060546875,14.301294326782228,0.1309009939432144,0.281266987323761
2022-11-16,16669.439453125,1215.6025390625,14.285508155822754,0.1164920032024383,0.2761679887771606
2022-11-17,16687.517578125,1200.80859375,13.638734817504885,0.1311639994382858,0.2679759860038757
2022-11-18,16697.77734375,1212.30029296875,13.247496604919434,0.1299089938402176,0.2975769937038421
2022-11-19,16711.546875,1218.4267578125,12.851014137268066,0.1305170059204101,0.2986209988594055
2022-11-20,16291.83203125,1142.4666748046875,12.252833366394045,0.1239809989929199,0.2561129927635193
2022-11-21,15787.2841796875,1108.35302734375,11.846208572387695,0.1201409995555877,0.2451010048389434
2022-11-22,16189.76953125,1135.1734619140625,12.435625076293944,0.1248729974031448,0.2405990064144134
2022-11-23,16610.70703125,1183.1995849609375,14.35151195526123,0.1290650069713592,0.2467180043458938
2022-11-24,16604.46484375,1203.983154296875,14.582350730895996,0.1253989934921264,0.2421139925718307
2022-11-25,16521.841796875,1198.9259033203125,14.063138008117676,0.1203230023384094,0.243599995970726
2022-11-26,16464.28125,1205.89794921875,14.159193992614746,0.1206739991903305,0.2405370026826858
2022-11-27,16444.626953125,1195.126953125,14.115766525268556,0.1204459965229034,0.2404659986495971
2022-11-28,16217.322265625,1170.086181640625,13.404518127441406,0.1184550002217292,0.2359659969806671
2022-11-29,16444.982421875,1216.9012451171875,13.369733810424805,0.1198690012097358,0.240555003285408
2022-11-30,17168.56640625,1295.6885986328125,14.115445137023926,0.1270460039377212,0.2483000010251999
2022-12-01,16967.1328125,1276.27392578125,13.480968475341797,0.1256390064954757,0.2407490015029907
2022-12-02,17088.66015625,1294.3033447265625,13.7156400680542,0.1203349977731704,0.2445079982280731
2022-12-03,16908.236328125,1243.3348388671875,13.302457809448242,0.1253290027379989,0.2379159927368164
2022-12-04,17130.486328125,1280.256591796875,13.718218803405762,0.1269119977951049,0.2401120066642761
2022-12-05,16974.826171875,1259.6767578125,13.8311128616333,0.1194169968366622,0.2366870045661926
2022-12-06,17089.50390625,1271.65380859375,14.288854598999023,0.1238059997558593,0.2340939939022064
2022-12-07,16848.126953125,1232.4375,13.5196533203125,0.1132989972829818,0.2215700000524521
2022-12-08,17233.474609375,1281.1163330078125,13.68922233581543,0.111574001610279,0.2247180044651031
2022-12-09,17133.15234375,1264.2847900390625,13.580187797546388,0.1084960028529167,0.2257169932126999
2022-12-10,17128.724609375,1266.3841552734375,13.576995849609377,0.1115870028734207,0.2274869978427887
2022-12-11,17104.193359375,1263.8685302734375,13.427809715270996,0.1043329983949661,0.2230869978666305
2022-12-12,17206.4375,1274.6190185546875,13.318544387817385,0.1062420010566711,0.2186540067195892
2022-12-13,17781.318359375,1320.5491943359375,13.833986282348633,0.1106629967689514,0.2235289961099624
2022-12-14,17815.650390625,1309.3287353515625,14.140525817871094,0.1069390028715133,0.2209160029888153
2022-12-15,17364.865234375,1266.3538818359375,14.02151107788086,0.1047869995236396,0.2105019986629486
2022-12-16,16647.484375,1168.2593994140625,12.266606330871582,0.1011670008301734,0.1855539977550506
2022-12-17,16795.091796875,1188.1495361328125,12.504404067993164,0.1036209985613823,0.194595992565155
2022-12-18,16757.9765625,1184.7152099609375,12.41312026977539,0.0975409969687461,0.1888410001993179
2022-12-19,16439.6796875,1167.60986328125,11.932655334472656,0.0955889970064163,0.1741749942302703
2022-12-20,16906.3046875,1217.70361328125,12.28051471710205,0.1024029999971389,0.1789750009775161
2022-12-21,16817.53515625,1213.5999755859375,12.128985404968262,0.0936919972300529,0.1718810051679611
2022-12-22,16830.341796875,1218.18212890625,11.794829368591309,0.0993309989571571,0.171766996383667
2022-12-23,16796.953125,1220.159423828125,11.786166191101074,0.1021649986505508,0.1701219975948333
2022-12-24,16847.755859375,1221.1485595703125,11.444275856018066,0.1081629991531372,0.1683789938688278
2022-12-25,16841.986328125,1218.9620361328125,11.387903213500977,0.1027000024914741,0.1658719927072525
2022-12-26,16919.8046875,1226.974365234375,11.306611061096191,0.0961259976029396,0.1715030074119568
2022-12-27,16717.173828125,1212.7916259765625,11.085430145263672,0.0885440036654472,0.169974997639656
2022-12-28,16552.572265625,1189.986083984375,9.755906105041504,0.0968229994177818,0.1672410070896148
2022-12-29,16642.341796875,1201.5953369140625,9.651782989501951,0.1022560000419616,0.1651510000228881
2022-12-30,16602.5859375,1199.2327880859375,9.880176544189451,0.0968459993600845,0.1690080016851425
2022-12-31,16547.49609375,1196.771240234375,9.96103858947754,0.1023870036005973,0.1728180050849914
2023-01-01,16625.080078125,1200.96484375,9.982172966003418,0.1009970009326934,0.1774660050868988
2023-01-02,16688.470703125,1214.6566162109375,11.272967338562012,0.1051430031657219,0.181194007396698
2023-01-03,16679.857421875,1214.77880859375,13.344045639038086,0.1053849980235099,0.1843020021915435
2023-01-04,16863.23828125,1256.526611328125,13.435112953186035,0.1075130030512809,0.1870930045843124
2023-01-05,16836.736328125,1250.4385986328125,13.419329643249512,0.1044590026140213,0.1835439950227737
2023-01-06,16951.96875,1269.3790283203125,13.52584171295166,0.1064580008387565,0.1894969940185547
2023-01-07,16955.078125,1264.2703857421875,13.092267990112305,0.1121490001678466,0.1943860054016113
2023-01-08,17091.14453125,1287.3594970703125,14.31993293762207,0.1136989966034889,0.1995500028133392
2023-01-09,17196.5546875,1321.5389404296875,16.30246353149414,0.1085100024938583,0.2006880044937133
2023-01-10,17446.29296875,1336.5860595703125,16.19672393798828,0.1101370006799697,0.2040710002183914
2023-01-11,17934.896484375,1387.9327392578125,16.35941505432129,0.1089679971337318,0.2107339948415756
2023-01-12,18869.587890625,1417.9384765625,16.619043350219727,0.1124719977378845,0.2125259935855865
2023-01-13,19909.57421875,1451.6148681640625,18.28844451904297,0.1029499992728233,0.2210189998149871
2023-01-14,20976.298828125,1550.7069091796875,24.24945831298828,0.1054359972476959,0.2295220047235489
2023-01-15,20880.798828125,1552.4794921875,22.873306274414062,0.1041570007801055,0.240335002541542
2023-01-16,21169.6328125,1576.83349609375,23.577564239501957,0.1149739995598793,0.2342890053987503
2023-01-17,21161.51953125,1567.8460693359375,22.884063720703125,0.108814999461174,0.2294970005750656
2023-01-18,20688.78125,1515.5069580078125,20.85063362121582,0.1123400032520294,0.2095939964056015
2023-01-19,21086.79296875,1552.5565185546875,21.42676544189453,0.11871899664402,0.2175280004739761
2023-01-20,22676.552734375,1659.754150390625,25.54827117919922,0.1194700002670288,0.239776000380516
2023-01-21,22777.625,1627.1181640625,24.627838134765625,0.1142589971423149,0.239666998386383
2023-01-22,22720.416015625,1628.382080078125,24.232789993286133,0.1234169974923133,0.2467110008001327
2023-01-23,22934.431640625,1628.2510986328125,24.357807159423828,0.1199309974908828,0.2503030002117157
2023-01-24,22636.46875,1556.604248046875,22.795673370361328,0.1168790012598037,0.2370399981737136
2023-01-25,23117.859375,1611.7110595703125,24.57144546508789,0.1200700029730796,0.2453680038452148
2023-01-26,23032.77734375,1603.10595703125,24.350696563720703,0.1100459992885589,0.2458080053329467
2023-01-27,23078.728515625,1598.156494140625,24.40785789489746,0.1103710010647773,0.2547279894351959
2023-01-28,23031.08984375,1572.43505859375,23.981801986694336,0.0932760015130043,0.2573019862174988
2023-01-29,23774.56640625,1646.1556396484375,26.132387161254883,0.1079709976911544,0.2621929943561554
2023-01-30,22840.138671875,1567.3265380859375,23.94632148742676,0.1050330027937889,0.2397709935903549
2023-01-31,23139.283203125,1586.535400390625,23.952547073364254,0.108364000916481,0.2422060072422027
2023-02-01,23723.76953125,1641.792724609375,24.993358612060547,0.121129997074604,0.2510319948196411
2023-02-02,23471.87109375,1643.2415771484375,24.26505851745605,0.1074580028653144,0.2554140090942383
2023-02-03,23449.322265625,1664.74560546875,24.680896759033203,0.1006480008363723,0.2709279954433441
2023-02-04,23331.84765625,1667.0592041015625,24.317745208740234,0.1013000011444091,0.2670210003852844
2023-02-05,22955.666015625,1631.6458740234375,23.493438720703125,0.1015859991312027,0.2571020126342773
2023-02-06,22760.109375,1616.2470703125,22.706388473510746,0.1208190023899078,0.2554210126399994
2023-02-07,23264.291015625,1672.0035400390625,23.86135673522949,0.1226340010762214,0.2791579961776733
2023-02-08,22939.3984375,1650.716796875,23.192670822143555,0.1515489965677261,0.2900139987468719
2023-02-09,21819.0390625,1546.438232421875,20.45212745666504,0.1183139979839325,0.2553040087223053
2023-02-10,21651.18359375,1514.869140625,20.130109786987305,0.1200549975037574,0.2520099878311157
2023-02-11,21870.875,1539.9267578125,20.83009529113769,0.1214379966259002,0.257189005613327
2023-02-12,21788.203125,1515.03369140625,21.489978790283203,0.1073729991912841,0.2483370006084442
2023-02-13,21808.1015625,1507.1658935546875,20.79010009765625,0.1130499988794326,0.2446579933166504
2023-02-14,22220.8046875,1556.8751220703125,21.824953079223636,0.117977999150753,0.2536700069904327
2023-02-15,24307.841796875,1673.7459716796875,23.883901596069336,0.1352989971637725,0.272707998752594
2023-02-16,23623.474609375,1640.067626953125,22.285951614379883,0.123488001525402,0.2586039900779724
2023-02-17,24565.6015625,1694.7833251953125,23.166757583618164,0.1341210007667541,0.271575003862381
2023-02-18,24641.27734375,1691.8194580078125,23.478591918945312,0.1277430057525634,0.2735140025615692
2023-02-19,24327.642578125,1681.4361572265625,24.84075164794922,0.1311839967966079,0.2781600058078766
2023-02-20,24829.1484375,1702.6751708984375,26.18138694763184,0.1198740005493164,0.2849929928779602
2023-02-21,24436.353515625,1658.036376953125,24.948558807373047,0.1214319989085197,0.278344988822937
2023-02-22,24188.84375,1643.231689453125,24.18134880065918,0.1246839985251426,0.2713229954242706
2023-02-23,23947.4921875,1651.0738525390625,23.90080070495605,0.1386539936065673,0.2687140107154846
2023-02-24,23198.126953125,1608.3731689453125,23.053035736083984,0.1221819967031478,0.256846010684967
2023-02-25,23175.375,1594.9149169921875,22.523399353027344,0.1151579990983009,0.2513000071048736
2023-02-26,23561.212890625,1640.817138671875,23.256088256835938,0.1167190000414848,0.255726009607315
2023-02-27,23522.87109375,1634.326416015625,22.692588806152344,0.1176100000739097,0.2552320063114166
2023-02-28,23147.353515625,1605.8951416015625,21.9163875579834,0.1164000034332275,0.244947001338005
2023-03-01,23646.55078125,1663.4337158203125,22.506431579589844,0.1154159978032112,0.2512190043926239
2023-03-02,23475.466796875,1647.3193359375,21.984878540039062,0.1158069968223571,0.2425969988107681
2023-03-03,22362.6796875,1569.1676025390625,21.39935302734375,0.1143969967961311,0.2334460020065307
2023-03-04,22353.349609375,1566.9239501953125,20.96683883666992,0.1123220026493072,0.2254939973354339
2023-03-05,22435.513671875,1564.46875,20.97858428955078,0.1122799962759018,0.2271859943866729
2023-03-06,22429.7578125,1567.398681640625,20.635011672973636,0.1132699996232986,0.2259649932384491
2023-03-07,22219.76953125,1561.93310546875,20.24473190307617,0.1080780029296875,0.2176460027694702
2023-03-08,21718.080078125,1534.0882568359375,18.42119407653809,0.103921003639698,0.2023279964923858
2023-03-09,20363.021484375,1438.6607666015625,17.308147430419922,0.1010729968547821,0.193573996424675
2023-03-10,20187.244140625,1429.1580810546875,18.24364280700684,0.0986130014061927,0.1893420070409774
2023-03-11,20632.41015625,1482.61669921875,18.22584342956543,0.0998940020799636,0.1892209947109222
2023-03-12,22163.94921875,1590.29296875,20.310531616210938,0.1130210012197494,0.2023909986019134
2023-03-13,24197.533203125,1680.3089599609375,20.433712005615234,0.1194529980421066,0.2129310071468353
2023-03-14,24746.07421875,1703.507080078125,20.92803382873535,0.1190200001001358,0.2227309942245483
2023-03-15,24375.9609375,1656.1805419921875,19.29098129272461,0.1147819980978965,0.2048719972372055
2023-03-16,25052.7890625,1677.2154541015625,19.73054313659668,0.1169480010867118,0.2091690003871917
2023-03-17,27423.9296875,1792.485107421875,21.62910270690918,0.1379549950361251,0.2272409945726394
2023-03-18,26965.87890625,1761.65966796875,21.19590187072754,0.1384080052375793,0.2156780064105987
2023-03-19,28038.67578125,1785.5765380859375,21.90340232849121,0.1440760046243667,0.2210180014371872
2023-03-20,27767.236328125,1735.3212890625,22.176464080810547,0.1435129940509796,0.2101819962263107
2023-03-21,28175.81640625,1806.7607421875,22.61826705932617,0.1484429985284805,0.2245510071516037
2023-03-22,27307.4375,1737.717041015625,21.48048591613769,0.1472299993038177,0.2140620052814483
2023-03-23,28333.97265625,1816.4051513671875,22.216777801513672,0.1388989984989166,0.2196909934282302
2023-03-24,27493.28515625,1752.0447998046875,20.678855895996094,0.1302530020475387,0.2092189937829971
2023-03-25,27494.70703125,1743.7647705078125,20.446645736694336,0.1370709985494613,0.2065410017967224
2023-03-26,27994.330078125,1775.6767578125,20.97551918029785,0.132868006825447,0.2108290046453476
2023-03-27,27139.888671875,1715.4608154296875,19.921674728393555,0.126010000705719,0.2002740055322647
2023-03-28,27268.130859375,1772.78564453125,20.4706974029541,0.1300089955329895,0.202005997300148
2023-03-29,28348.44140625,1793.0018310546875,21.111467361450195,0.1395680010318756,0.2343270033597946
2023-03-30,28033.5625,1792.7371826171875,20.55104637145996,0.1387609988451004,0.2245839983224868
2023-03-31,28478.484375,1822.0220947265625,21.17049598693848,0.142423003911972,0.2254080027341842
2023-04-01,28478.484375,1822.0220947265625,21.17049598693848,0.142423003911972,0.2254080027341842
