date,RELIANCE.NS,TCS.NS,HDFCBANK.NS,INFY.NS,ITC.NS,LT.NS,SUNPHARMA.NS
2024-01-01,1279.69287109375,3482.784912109375,812.9945068359375,1429.6361083984375,401.7525329589844,3432.108642578125,1226.38720703125
2024-01-02,1290.2900390625,3457.2880859375,813.4733276367188,1414.0157470703125,403.7267761230469,3347.071533203125,1261.37109375
2024-01-03,1276.25927734375,3373.717041015625,800.9295654296875,1373.099365234375,409.6493835449219,3349.261962890625,1263.70654296875
2024-01-04,1282.854736328125,3350.916015625,809.5235595703125,1394.018310546875,408.9197692871094,3367.126220703125,1277.6710205078125
2024-01-05,1288.3138427734375,3415.890869140625,805.3822021484375,1412.31103515625,406.8168029785156,3428.652587890625,1265.263671875
2024-01-06,1288.3138427734375,3415.890869140625,805.3822021484375,1412.31103515625,406.8168029785156,3428.652587890625,1265.263671875
2024-01-07,1288.3138427734375,3415.890869140625,805.3822021484375,1412.31103515625,406.8168029785156,3428.652587890625,1265.263671875
2024-01-08,1278.26025390625,3361.4248046875,796.4052124023438,1403.3260498046875,399.5637512207031,3408.403564453125,1270.2265625
2024-01-09,1274.8759765625,3372.026123046875,790.2052612304688,1409.316162109375,398.7483215332031,3461.80126953125,1288.424072265625
2024-01-10,1309.261474609375,3393.181640625,792.8145141601562,1400.6534423828125,397.6753845214844,3451.6279296875,1289.251220703125
2024-01-11,1343.696044921875,3413.743408203125,789.4871215820312,1376.9697265625,397.1174621582031,3412.05419921875,1280.88232421875
2024-01-12,1354.39208984375,3548.30810546875,785.752685546875,1486.2188720703125,400.59375,3474.31103515625,1290.3216552734375
2024-01-13,1354.39208984375,3548.30810546875,785.752685546875,1486.2188720703125,400.59375,3474.31103515625,1290.3216552734375
2024-01-14,1354.39208984375,3548.30810546875,785.752685546875,1486.2188720703125,400.59375,3474.31103515625,1290.3216552734375
2024-01-15,1377.5130615234375,3567.499267578125,800.8817138671875,1522.4815673828125,401.3662414550781,3449.242919921875,1293.63037109375
2024-01-16,1358.24560546875,3528.660400390625,803.9219360351562,1503.5439453125,405.4005737304688,3478.88671875,1278.15771484375
2024-01-17,1345.35107421875,3549.953369140625,736.1044921875,1511.51513671875,400.5079345703125,3476.404052734375,1264.095947265625
2024-01-18,1351.6500244140625,3566.402099609375,711.5198974609375,1513.7269287109375,399.5637512207031,3500.791015625,1299.8583984375
2024-01-19,1351.156005859375,3628.4716796875,704.0989379882812,1529.0242919921875,404.7138366699219,3549.467041015625,1299.71240234375
2024-01-20,1351.156005859375,3628.4716796875,704.0989379882812,1529.0242919921875,404.7138366699219,3549.467041015625,1299.71240234375
2024-01-21,1351.156005859375,3628.4716796875,704.0989379882812,1529.0242919921875,404.7138366699219,3549.467041015625,1299.71240234375
2024-01-22,1351.156005859375,3628.4716796875,704.0989379882812,1529.0242919921875,404.7138366699219,3549.467041015625,1299.71240234375
2024-01-23,1312.7442626953125,3550.4365234375,683.368408203125,1513.312255859375,394.241943359375,3456.982177734375,1341.2652587890625
2024-01-24,1327.8619384765625,3535.29931640625,697.037109375,1543.95361328125,397.932861328125,3494.170654296875,1344.9630126953125
2024-01-25,1336.952392578125,3506.31201171875,686.9830932617188,1538.147705078125,391.1089782714844,3498.30810546875,1331.5338134765625
2024-01-26,1336.952392578125,3506.31201171875,686.9830932617188,1538.147705078125,391.1089782714844,3498.30810546875,1331.5338134765625
2024-01-27,1336.952392578125,3506.31201171875,686.9830932617188,1538.147705078125,391.1089782714844,3498.30810546875,1331.5338134765625
2024-01-28,1336.952392578125,3506.31201171875,686.9830932617188,1538.147705078125,391.1089782714844,3498.30810546875,1331.5338134765625
2024-01-29,1430.795654296875,3497.75390625,696.438720703125,1526.6285400390625,386.0875854492188,3609.825439453125,1363.2093505859375
2024-01-30,1390.8524169921875,3497.34033203125,691.4834594726562,1521.882568359375,376.0019226074219,3537.103271484375,1334.89111328125
2024-01-31,1409.6259765625,3511.511474609375,700.220947265625,1530.59130859375,379.0061645507813,3387.618896484375,1380.3360595703125
2024-02-01,1409.650634765625,3546.663818359375,702.0402221679688,1527.0433349609375,380.1649475097656,3308.033203125,1370.1182861328125
2024-02-02,1440.3306884765625,3649.866455078125,692.3692016601562,1560.4951171875,377.7615661621094,3286.66455078125,1378.5845947265625
2024-02-03,1440.3306884765625,3649.866455078125,692.3692016601562,1560.4951171875,377.7615661621094,3286.66455078125,1378.5845947265625
2024-02-04,1440.3306884765625,3649.866455078125,692.3692016601562,1560.4951171875,377.7615661621094,3286.66455078125,1378.5845947265625
2024-02-05,1421.8782958984375,3656.307861328125,691.7467651367188,1554.82763671875,376.0019226074219,3253.2724609375,1424.4677734375
2024-02-06,1410.7869873046875,3806.02783203125,691.3876953125,1593.7626953125,370.29388427734375,3333.58837890625,1435.464111328125
2024-02-07,1424.966064453125,3757.623779296875,684.6130981445312,1560.86376953125,370.63720703125,3304.820556640625,1455.9970703125
2024-02-08,1432.845947265625,3804.279296875,671.734375,1559.34326171875,361.260986328125,3247.187744140625,1459.3056640625
2024-02-09,1443.344482421875,3803.911865234375,671.99755859375,1538.378173828125,362.0888671875,3236.528076171875,1502.073974609375
2024-02-10,1443.344482421875,3803.911865234375,671.99755859375,1538.378173828125,362.0888671875,3236.528076171875,1502.073974609375
2024-02-11,1443.344482421875,3803.911865234375,671.99755859375,1538.378173828125,362.0888671875,3236.528076171875,1502.073974609375
2024-02-12,1435.0443115234375,3791.948486328125,665.4863891601562,1548.28466796875,354.55078125,3212.189697265625,1501.7314453125
2024-02-13,1447.642578125,3818.450439453125,667.6168823242188,1552.3857421875,354.4636535644531,3233.55859375,1509.316162109375
2024-02-14,1463.7236328125,3772.991943359375,662.6377563476562,1535.475341796875,358.6466369628906,3221.3896484375,1487.9810791015625
2024-02-15,1453.076904296875,3775.844970703125,677.000732421875,1544.8289794921875,351.98004150390625,3212.919921875,1477.7049560546875
2024-02-16,1443.17138671875,3798.942138671875,679.801513671875,1568.14404296875,352.59002685546875,3297.0810546875,1477.7537841796875
2024-02-17,1443.17138671875,3798.942138671875,679.801513671875,1568.14404296875,352.59002685546875,3297.0810546875,1477.7537841796875
2024-02-18,1443.17138671875,3798.942138671875,679.801513671875,1568.14404296875,352.59002685546875,3297.0810546875,1477.7537841796875
2024-02-19,1456.4364013671875,3776.396728515625,678.4609985351562,1566.39306640625,356.64227294921875,3251.423095703125,1497.47412109375
2024-02-20,1453.496826171875,3709.08251953125,696.2711791992188,1553.030517578125,353.897216796875,3267.875244140625,1505.8907470703125
2024-02-21,1450.2115478515625,3673.05615234375,689.017822265625,1525.660888671875,351.500732421875,3209.122802734375,1510.490478515625
2024-02-22,1464.0941162109375,3761.029052734375,679.634033203125,1549.436767578125,361.17388916015625,3274.690185546875,1524.8282470703125
2024-02-23,1475.82763671875,3728.821533203125,680.1365966796875,1545.2896728515625,358.51593017578125,3298.249267578125,1527.9599609375
2024-02-24,1475.82763671875,3728.821533203125,680.1365966796875,1545.2896728515625,358.51593017578125,3298.249267578125,1527.9599609375
2024-02-25,1475.82763671875,3728.821533203125,680.1365966796875,1545.2896728515625,358.51593017578125,3298.249267578125,1527.9599609375
2024-02-26,1469.6026611328125,3681.843994140625,680.9505615234375,1529.9000244140625,356.5987243652344,3378.272705078125,1523.7515869140625
2024-02-27,1467.94775390625,3776.948974609375,679.9212646484375,1533.079345703125,358.29803466796875,3413.61181640625,1549.0015869140625
2024-02-28,1438.2803955078125,3790.338134765625,674.7744750976562,1540.1290283203125,355.8143920898437,3378.321533203125,1540.291259765625
2024-02-29,1443.393798828125,3768.390869140625,671.90185546875,1542.571044921875,354.07147216796875,3385.47705078125,1544.3037109375
2024-03-01,1474.345458984375,3767.70068359375,684.9961547851562,1524.8775634765625,356.86016845703125,3537.2978515625,1526.0025634765625
2024-03-02,1474.345458984375,3767.70068359375,684.9961547851562,1524.8775634765625,356.86016845703125,3537.2978515625,1526.0025634765625
2024-03-03,1474.345458984375,3767.70068359375,684.9961547851562,1524.8775634765625,356.86016845703125,3537.2978515625,1526.0025634765625
2024-03-04,1489.4384765625,3755.139404296875,685.9297485351562,1508.75048828125,356.5115661621094,3547.9580078125,1519.0050048828125
2024-03-05,1482.32421875,3692.0126953125,689.8317260742188,1480.4591064453125,353.9407958984375,3516.951416015625,1540.6337890625
2024-03-06,1485.0909423828125,3740.0478515625,690.6695556640625,1490.642333984375,355.4222717285156,3545.767578125,1569.79833984375
2024-03-07,1461.302734375,3780.81396484375,692.3452758789062,1489.62841796875,360.3895263671875,3579.59765625,1571.462158203125
2024-03-08,1461.302734375,3780.81396484375,692.3452758789062,1489.62841796875,360.3895263671875,3579.59765625,1571.462158203125
2024-03-09,1461.302734375,3780.81396484375,692.3452758789062,1489.62841796875,360.3895263671875,3579.59765625,1571.462158203125
2024-03-10,1461.302734375,3780.81396484375,692.3452758789062,1489.62841796875,360.3895263671875,3579.59765625,1571.462158203125
2024-03-11,1449.12451171875,3793.466796875,683.5838012695312,1475.0220947265625,356.7730407714844,3544.210205078125,1559.6201171875
2024-03-12,1457.844482421875,3857.790771484375,698.78466796875,1486.4029541015625,352.4593200683594,3525.76171875,1550.5184326171875
2024-03-13,1415.10986328125,3817.990234375,699.1915893554688,1484.974609375,368.14544677734375,3444.86181640625,1525.366455078125
2024-03-14,1414.4180908203125,3871.915771484375,696.8217163085938,1523.5875244140625,365.7054138183594,3512.66796875,1536.718994140625
2024-03-15,1401.3260498046875,3882.635986328125,695.481201171875,1505.8016357421875,365.2261047363281,3443.4990234375,1515.188232421875
2024-03-16,1401.3260498046875,3882.635986328125,695.481201171875,1505.8016357421875,365.2261047363281,3443.4990234375,1515.188232421875
2024-03-17,1401.3260498046875,3882.635986328125,695.481201171875,1505.8016357421875,365.2261047363281,3443.4990234375,1515.188232421875
2024-03-18,1422.32275390625,3821.21142578125,692.3212890625,1476.911376953125,363.7881774902344,3466.912353515625,1537.7467041015625
2024-03-19,1408.267333984375,3659.98876953125,693.9011840820312,1438.943603515625,356.9037170410156,3408.987548828125,1515.4327392578125
2024-03-20,1426.5469970703125,3654.099365234375,685.1397705078125,1432.95361328125,362.26318359375,3416.775634765625,1516.313720703125
2024-03-21,1433.685791015625,3655.98583984375,692.1776123046875,1432.72314453125,367.0997009277344,3465.743896484375,1531.8255615234375
2024-03-22,1437.6876220703125,3598.88623046875,690.7892456054688,1390.470458984375,373.5049133300781,3522.013671875,1574.593994140625
2024-03-23,1437.6876220703125,3598.88623046875,690.7892456054688,1390.470458984375,373.5049133300781,3522.013671875,1574.593994140625
2024-03-24,1437.6876220703125,3598.88623046875,690.7892456054688,1390.470458984375,373.5049133300781,3522.013671875,1574.593994140625
2024-03-25,1437.6876220703125,3598.88623046875,690.7892456054688,1390.470458984375,373.5049133300781,3522.013671875,1574.593994140625
2024-03-26,1424.3978271484375,3568.15087890625,682.4347534179688,1375.54150390625,372.6770324707031,3572.928955078125,1564.0242919921875
2024-03-27,1475.061767578125,3534.47119140625,689.7598876953125,1367.431884765625,372.9820556640625,3608.267822265625,1569.9453125
2024-03-28,1468.1451416015625,3567.046875,693.20703125,1380.517822265625,373.28704833984375,3664.245361328125,1585.99560546875
2024-03-29,1468.1451416015625,3567.046875,693.20703125,1380.517822265625,373.28704833984375,3664.245361328125,1585.99560546875
2024-03-30,1468.1451416015625,3567.046875,693.20703125,1380.517822265625,373.28704833984375,3664.245361328125,1585.99560546875
2024-03-31,1468.1451416015625,3567.046875,693.20703125,1380.517822265625,373.28704833984375,3664.245361328125,1585.99560546875
2024-04-01,1467.0831298828125,3604.269775390625,704.027099609375,1378.1219482421875,371.8491516113281,3736.383544921875,1594.510009765625
2024-04-02,1469.232177734375,3573.948486328125,708.6472778320312,1366.51025390625,371.1083984375,3706.593505859375,1587.659423828125
2024-04-03,1454.0650634765625,3632.38232421875,709.6766967773438,1364.4830322265625,370.5419616699219,3682.304443359375,1585.310302734375
2024-04-04,1445.4935302734375,3683.91455078125,731.3648071289062,1370.0582275390625,368.4069213867188,3697.296875,1584.8211669921875
2024-04-05,1442.7021484375,3661.783447265625,741.8737182617188,1363.0545654296875,372.58990478515625,3643.996337890625,1574.69189453125
2024-04-06,1442.7021484375,3661.783447265625,741.8737182617188,1363.0545654296875,372.58990478515625,3643.996337890625,1574.69189453125
2024-04-07,1442.7021484375,3661.783447265625,741.8737182617188,1363.0545654296875,372.58990478515625,3643.996337890625,1574.69189453125
2024-04-08,1468.268798828125,3655.61767578125,740.4613647460938,1360.8428955078125,373.940673828125,3707.031982421875,1565.590087890625
2024-04-09,1446.2098388671875,3631.6923828125,741.3949584960938,1377.56884765625,371.5441284179688,3685.0302734375,1568.3795166015625
2024-04-10,1461.9449462890625,3666.75244140625,735.553955078125,1388.581298828125,380.7815856933594,3653.82861328125,1569.847412109375
2024-04-11,1461.9449462890625,3666.75244140625,735.553955078125,1388.581298828125,380.7815856933594,3653.82861328125,1569.847412109375
2024-04-12,1449.6680908203125,3682.16650390625,727.2234497070312,1368.2613525390625,374.8120727539063,3581.8369140625,1507.1630859375
2024-04-13,1449.6680908203125,3682.16650390625,727.2234497070312,1368.2613525390625,374.8120727539063,3581.8369140625,1507.1630859375
2024-04-14,1449.6680908203125,3682.16650390625,727.2234497070312,1368.2613525390625,374.8120727539063,3581.8369140625,1507.1630859375
2024-04-15,1447.3707275390625,3626.768798828125,715.61328125,1352.963623046875,371.1519775390625,3505.4638671875,1507.2120361328125
2024-04-16,1448.2847900390625,3563.82568359375,722.5794677734375,1303.476806640625,371.1519775390625,3449.632080078125,1504.765380859375
2024-04-17,1448.2847900390625,3563.82568359375,722.5794677734375,1303.476806640625,371.1519775390625,3449.632080078125,1504.765380859375
2024-04-18,1446.876708984375,3553.8876953125,715.61328125,1307.900146484375,365.00823974609375,3456.93359375,1484.0662841796875
2024-04-19,1452.607666015625,3520.943359375,733.13623046875,1300.52783203125,370.1498718261719,3425.19677734375,1490.3297119140625
2024-04-20,1452.607666015625,3520.943359375,733.13623046875,1300.52783203125,370.1498718261719,3425.19677734375,1490.3297119140625
2024-04-21,1452.607666015625,3520.943359375,733.13623046875,1300.52783203125,370.1498718261719,3425.19677734375,1490.3297119140625
2024-04-22,1462.2166748046875,3556.280517578125,723.99169921875,1320.3409423828125,370.6291198730469,3517.048583984375,1507.260986328125
2024-04-23,1441.936279296875,3565.57470703125,721.7894287109375,1329.23388671875,374.02777099609375,3514.56591796875,1452.9932861328125
2024-04-24,1432.895263671875,3525.4072265625,723.7523193359375,1318.498046875,373.7663879394531,3538.612548828125,1454.0699462890625
2024-04-25,1442.57861328125,3544.869140625,723.2975463867188,1325.5936279296875,381.304443359375,3555.600341796875,1487.736328125
2024-04-26,1435.2421875,3516.48095703125,722.8427124023438,1318.037109375,383.4394836425781,3509.747314453125,1474.4263916015625
2024-04-27,1435.2421875,3516.48095703125,722.8427124023438,1318.037109375,383.4394836425781,3509.747314453125,1474.4263916015625
2024-04-28,1435.2421875,3516.48095703125,722.8427124023438,1318.037109375,383.4394836425781,3509.747314453125,1474.4263916015625
2024-04-29,1447.568359375,3561.43359375,732.2744750976562,1322.18408203125,381.8708801269531,3538.076904296875,1489.1553955078125
2024-04-30,1449.5198974609375,3515.836181640625,727.77392578125,1309.09814453125,379.6486206054688,3499.135986328125,1470.0711669921875
2024-05-01,1449.5198974609375,3515.836181640625,727.77392578125,1309.09814453125,379.6486206054688,3499.135986328125,1470.0711669921875
2024-05-02,1449.0753173828125,3555.084228515625,733.5910034179688,1303.476806640625,382.5680236816406,3504.197998046875,1486.61083984375
2024-05-03,1416.9129638671875,3536.771240234375,727.5345458984375,1305.181640625,380.3458251953125,3407.137939453125,1478.9283447265625
2024-05-04,1416.9129638671875,3536.771240234375,727.5345458984375,1305.181640625,380.3458251953125,3407.137939453125,1478.9283447265625
2024-05-05,1416.9129638671875,3536.771240234375,727.5345458984375,1305.181640625,380.3458251953125,3407.137939453125,1478.9283447265625
2024-05-06,1402.610595703125,3608.226806640625,728.994873046875,1314.028564453125,378.8643798828125,3371.6044921875,1496.5445556640625
2024-05-07,1384.775634765625,3661.50732421875,721.09521484375,1327.8975830078125,383.7444763183594,3336.99560546875,1483.03857421875
2024-05-08,1401.6473388671875,3659.666748046875,709.8441772460938,1315.3187255859375,384.3109436035156,3394.531005859375,1489.30224609375
2024-05-09,1377.5130615234375,3644.25341796875,693.0155029296875,1326.607421875,370.454833984375,3188.727783203125,1462.780029296875
2024-05-10,1390.6546630859375,3583.24267578125,697.8200073242188,1313.10693359375,377.6443481445313,3184.833740234375,1474.4263916015625
2024-05-11,1390.6546630859375,3583.24267578125,697.8200073242188,1313.10693359375,377.6443481445313,3184.833740234375,1474.4263916015625
2024-05-12,1390.6546630859375,3583.24267578125,697.8200073242188,1313.10693359375,377.6443481445313,3184.833740234375,1474.4263916015625
2024-05-13,1385.9859619140625,3632.8427734375,706.2400512695312,1311.7706298828125,376.337158203125,3206.640625,1492.5318603515625
2024-05-14,1403.154052734375,3589.960205078125,709.0062866210938,1312.9224853515625,374.4635009765625,3289.974365234375,1512.30126953125
2024-05-15,1399.399169921875,3570.819580078125,698.1112670898438,1308.545166015625,372.8077697753906,3320.98095703125,1494.831787109375
2024-05-16,1408.3660888671875,3615.821044921875,708.6665649414062,1339.32470703125,375.9885559082031,3368.97607421875,1503.5419921875
2024-05-17,1418.5927734375,3553.857421875,710.5350341796875,1330.9847412109375,380.2151184082031,3359.386474609375,1498.746337890625
2024-05-18,1418.5927734375,3553.857421875,710.5350341796875,1330.9847412109375,380.2151184082031,3359.386474609375,1498.746337890625
2024-05-19,1418.5927734375,3553.857421875,710.5350341796875,1330.9847412109375,380.2151184082031,3359.386474609375,1498.746337890625
2024-05-20,1418.5927734375,3553.857421875,710.5350341796875,1330.9847412109375,380.2151184082031,3359.386474609375,1498.746337890625
2024-05-21,1419.0128173828125,3540.973388671875,707.962890625,1321.6312255859375,378.9079284667969,3349.845947265625,1508.0927734375
2024-05-22,1443.2454833984375,3551.91064453125,708.1570434570312,1340.6612548828125,383.3523559570313,3369.219482421875,1506.47802734375
2024-05-23,1468.343017578125,3608.869140625,724.3661499023438,1356.8802490234375,384.6159362792969,3490.471435546875,1463.220458984375
2024-05-24,1462.6119384765625,3568.1318359375,736.3046875,1350.15283203125,380.12799072265625,3529.899169921875,1454.9993896484375
2024-05-25,1462.6119384765625,3568.1318359375,736.3046875,1350.15283203125,380.12799072265625,3529.899169921875,1454.9993896484375
2024-05-26,1462.6119384765625,3568.1318359375,736.3046875,1350.15283203125,380.12799072265625,3529.899169921875,1454.9993896484375
2024-05-27,1448.77880859375,3565.86083984375,741.4004516601562,1355.91259765625,376.0321350097656,3555.30810546875,1434.7900390625
2024-05-28,1438.8485107421875,3559.233154296875,742.75927734375,1351.9500732421875,373.8535461425781,3561.343994140625,1433.664306640625
2024-05-29,1423.607421875,3525.632568359375,731.9854736328125,1337.1131591796875,375.5528259277344,3538.563720703125,1447.414794921875
2024-05-30,1407.8720703125,3463.0205078125,735.1642456054688,1315.4569091796875,369.3655090332031,3538.466064453125,1427.9879150390625
2024-05-31,1413.3560791015625,3402.63232421875,743.268798828125,1322.459716796875,371.63128662109375,3572.150390625,1428.673095703125
2024-06-01,1413.3560791015625,3402.63232421875,743.268798828125,1322.459716796875,371.63128662109375,3572.150390625,1428.673095703125
2024-06-02,1413.3560791015625,3402.63232421875,743.268798828125,1322.459716796875,371.63128662109375,3572.150390625,1428.673095703125
2024-06-03,1492.32861328125,3432.20068359375,762.9964599609375,1321.519775390625,375.0299682617188,3793.96728515625,1422.067138671875
2024-06-04,1380.625732421875,3443.462646484375,719.7800903320312,1310.0048828125,368.496826171875,3313.095703125,1399.3616943359375
2024-06-05,1403.821044921875,3472.61376953125,753.0962524414062,1344.2672119140625,381.8983459472656,3318.741943359375,1455.5867919921875
2024-06-06,1414.541748046875,3550.427734375,756.9301147460938,1383.8876953125,386.4246215820313,3390.3447265625,1441.2979736328125
2024-06-07,1452.4346923828125,3609.332275390625,763.5545043945312,1441.555419921875,389.75286865234375,3438.97216796875,1474.7198486328125
2024-06-08,1452.4346923828125,3609.332275390625,763.5545043945312,1441.555419921875,389.75286865234375,3438.97216796875,1474.7198486328125
2024-06-09,1452.4346923828125,3609.332275390625,763.5545043945312,1441.555419921875,389.75286865234375,3438.97216796875,1474.7198486328125
2024-06-10,1453.867431640625,3576.65869140625,757.7067260742188,1409.737060546875,387.75592041015625,3449.92431640625,1480.8365478515625
2024-06-11,1439.31787109375,3570.54150390625,759.4052734375,1405.9769287109375,384.2946166992188,3503.419189453125,1467.771484375
2024-06-12,1445.888671875,3551.586181640625,763.9428100585938,1396.060302734375,383.67333984375,3534.182861328125,1474.7198486328125
2024-06-13,1447.790771484375,3594.687255859375,767.1458740234375,1404.28515625,381.8983459472656,3605.590576171875,1478.585693359375
2024-06-14,1459.944091796875,3551.95703125,774.9835205078125,1399.5382080078125,382.6527099609375,3590.160400390625,1483.6748046875
2024-06-15,1459.944091796875,3551.95703125,774.9835205078125,1399.5382080078125,382.6527099609375,3590.160400390625,1483.6748046875
2024-06-16,1459.944091796875,3551.95703125,774.9835205078125,1399.5382080078125,382.6527099609375,3590.160400390625,1483.6748046875
2024-06-17,1459.944091796875,3551.95703125,774.9835205078125,1399.5382080078125,382.6527099609375,3590.160400390625,1483.6748046875
2024-06-18,1463.377685546875,3536.24609375,780.2733764648438,1408.280029296875,380.5226745605469,3591.523193359375,1488.5194091796875
2024-06-19,1441.2694091796875,3523.825439453125,804.5628051757812,1420.6407470703125,375.9963684082031,3494.901123046875,1471.9307861328125
2024-06-20,1456.139892578125,3510.431640625,810.1438598632812,1424.44775390625,375.6856994628906,3526.7890625,1439.6343994140625
2024-06-21,1436.872314453125,3532.2138671875,808.3967895507812,1440.70947265625,372.4019165039063,3468.45849609375,1435.9642333984375
2024-06-22,1436.872314453125,3532.2138671875,808.3967895507812,1440.70947265625,372.4019165039063,3468.45849609375,1435.9642333984375
2024-06-23,1436.872314453125,3532.2138671875,808.3967895507812,1440.70947265625,372.4019165039063,3468.45849609375,1435.9642333984375
2024-06-24,1424.2989501953125,3537.822021484375,811.6240234375,1435.4925537109375,375.6856994628906,3465.12255859375,1462.63330078125
2024-06-25,1436.822998046875,3557.888916015625,830.5266723632812,1449.4041748046875,375.6856994628906,3520.2646484375,1473.1051025390625
2024-06-26,1495.9844970703125,3574.017333984375,825.7464599609375,1448.2291259765625,376.2625732421875,3535.12939453125,1488.7149658203125
2024-06-27,1512.3126220703125,3646.59423828125,823.1500244140625,1478.919677734375,377.7270202636719,3497.304931640625,1483.91943359375
2024-06-28,1546.747314453125,3618.787109375,817.1565551757812,1472.7156982421875,377.1057434082031,3481.6552734375,1488.42138671875
2024-06-29,1546.747314453125,3618.787109375,817.1565551757812,1472.7156982421875,377.1057434082031,3481.6552734375,1488.42138671875
2024-06-30,1546.747314453125,3618.787109375,817.1565551757812,1472.7156982421875,377.1057434082031,3481.6552734375,1488.42138671875
2024-07-01,1541.5599365234375,3687.424560546875,827.5419921875,1495.3223876953125,380.7889099121094,3460.16748046875,1487.6873779296875
2024-07-02,1546.525146484375,3723.75927734375,839.8687744140625,1523.7568359375,377.6382446289063,3558.236083984375,1491.55322265625
2024-07-03,1533.927001953125,3675.421142578125,858.3346557617188,1529.7255859375,380.123291015625,3546.31494140625,1501.2421875
2024-07-04,1535.5079345703125,3727.049560546875,838.1945190429688,1551.5802001953125,380.7889099121094,3506.037353515625,1524.681396484375
2024-07-05,1569.6956787109375,3718.568359375,799.8311157226562,1548.572265625,384.87152099609375,3558.873779296875,1534.9573974609375
2024-07-06,1569.6956787109375,3718.568359375,799.8311157226562,1548.572265625,384.87152099609375,3558.873779296875,1534.9573974609375
2024-07-07,1569.6956787109375,3718.568359375,799.8311157226562,1548.572265625,384.87152099609375,3558.873779296875,1534.9573974609375
2024-07-08,1581.824462890625,3701.328369140625,793.6434936523438,1561.9200439453125,393.7022705078125,3563.632568359375,1523.21337890625
2024-07-09,1571.325927734375,3694.191162109375,794.2015991210938,1557.6900634765625,401.6899108886719,3597.0908203125,1551.594970703125
2024-07-10,1565.3480224609375,3623.42138671875,789.1544189453125,1549.32421875,400.6693115234375,3581.3427734375,1564.464599609375
2024-07-11,1561.815673828125,3636.908203125,787.1162109375,1553.507080078125,407.0594177246094,3552.93798828125,1548.0228271484375
2024-07-12,1577.6990966796875,3878.135986328125,787.5043334960938,1609.0130615234375,407.4144287109375,3580.656005859375,1548.5628662109375
2024-07-13,1577.6990966796875,3878.135986328125,787.5043334960938,1609.0130615234375,407.4144287109375,3580.656005859375,1548.5628662109375
2024-07-14,1577.6990966796875,3878.135986328125,787.5043334960938,1609.0130615234375,407.4144287109375,3580.656005859375,1548.5628662109375
2024-07-15,1578.193115234375,3864.46484375,787.2131958007812,1604.59521484375,411.275146484375,3582.863525390625,1557.3006591796875
2024-07-16,1557.4681396484375,3873.03857421875,786.0726928710938,1622.4549560546875,413.1832580566406,3568.0966796875,1550.526611328125
2024-07-17,1557.4681396484375,3873.03857421875,786.0726928710938,1622.4549560546875,413.1832580566406,3568.0966796875,1550.526611328125
2024-07-18,1567.7689208984375,4000.115966796875,783.6705322265625,1652.5343017578125,417.3545837402344,3587.376953125,1565.2039794921875
2024-07-19,1536.61962890625,3997.1904296875,780.03076171875,1685.3394775390625,421.1708984375,3550.38671875,1540.0704345703125
2024-07-20,1536.61962890625,3997.1904296875,780.03076171875,1685.3394775390625,421.1708984375,3550.38671875,1540.0704345703125
2024-07-21,1536.61962890625,3997.1904296875,780.03076171875,1685.3394775390625,421.1708984375,3550.38671875,1540.0704345703125
2024-07-22,1482.7935791015625,3983.207763671875,797.1376953125,1702.1651611328125,414.07080078125,3582.71630859375,1558.4296875
2024-07-23,1470.1708984375,3997.14453125,785.4176025390625,1726.6517333984375,436.8355712890625,3471.450927734375,1572.4200439453125
2024-07-24,1477.8779296875,4000.767333984375,778.4534912109375,1723.8787841796875,438.47747802734375,3453.201171875,1589.9449462890625
2024-07-25,1474.6171875,4015.8642578125,784.5439453125,1715.3248291015625,434.8386840820313,3551.0244140625,1635.450439453125
2024-07-26,1491.044189453125,4076.578369140625,785.2962646484375,1766.1309814453125,445.7107849121094,3610.630859375,1683.017822265625
2024-07-27,1491.044189453125,4076.578369140625,785.2962646484375,1766.1309814453125,445.7107849121094,3610.630859375,1683.017822265625
2024-07-28,1491.044189453125,4076.578369140625,785.2962646484375,1766.1309814453125,445.7107849121094,3610.630859375,1683.017822265625
2024-07-29,1501.9871826171875,4070.3076171875,778.9387817382812,1758.799072265625,440.2525634765625,3703.8916015625,1691.853759765625
2024-07-30,1495.1199951171875,4055.674560546875,784.0344848632812,1764.4859619140625,434.7942810058594,3713.408935546875,1670.598388671875
2024-07-31,1487.4869384765625,4074.256103515625,784.1315307617188,1756.1201171875,439.6312561035156,3743.187744140625,1688.02490234375
2024-08-01,1497.244384765625,4085.1728515625,795.3178100585938,1741.409423828125,438.1669006347656,3708.159912109375,1683.9503173828125
2024-08-02,1481.459716796875,3979.212646484375,805.1937866210938,1711.8939208984375,434.0842895507813,3596.6982421875,1700.100830078125
2024-08-03,1481.459716796875,3979.212646484375,805.1937866210938,1711.8939208984375,434.0842895507813,3596.6982421875,1700.100830078125
2024-08-04,1481.459716796875,3979.212646484375,805.1937866210938,1711.8939208984375,434.0842895507813,3596.6982421875,1700.100830078125
2024-08-05,1430.079345703125,3860.29296875,784.1315307617188,1646.75341796875,431.3329772949219,3461.590087890625,1689.006591796875
2024-08-06,1438.700439453125,3875.2978515625,777.0703125,1646.0013427734375,431.5992736816406,3508.8828125,1676.43994140625
2024-08-07,1447.3707275390625,3902.472412109375,787.8926391601562,1684.11767578125,437.2349853515625,3569.764892578125,1702.849609375
2024-08-08,1431.8577880859375,3876.552001953125,797.2105102539062,1638.5284423828125,439.0987548828125,3486.6591796875,1705.4024658203125
2024-08-09,1456.7330322265625,3928.764892578125,800.8502807617188,1664.471923828125,440.1194152832031,3524.4345703125,1703.6842041015625
2024-08-10,1456.7330322265625,3928.764892578125,800.8502807617188,1664.471923828125,440.1194152832031,3524.4345703125,1703.6842041015625
2024-08-11,1456.7330322265625,3928.764892578125,800.8502807617188,1664.471923828125,440.1194152832031,3524.4345703125,1703.6842041015625
2024-08-12,1443.2208251953125,3898.012939453125,805.65478515625,1689.5224609375,438.9656372070313,3504.712890625,1702.2606201171875
2024-08-13,1446.18505859375,3899.221435546875,778.0409545898438,1689.5693359375,434.8830261230469,3484.942138671875,1708.396728515625
2024-08-14,1444.43115234375,3990.546875,780.2733764648438,1713.821044921875,436.8355712890625,3478.46630859375,1709.91845703125
2024-08-15,1444.43115234375,3990.546875,780.2733764648438,1713.821044921875,436.8355712890625,3478.46630859375,1709.91845703125
2024-08-16,1460.5863037109375,4102.77734375,792.0662231445312,1747.378173828125,446.1101379394531,3501.180908203125,1710.99853515625
2024-08-17,1460.5863037109375,4102.77734375,792.0662231445312,1747.378173828125,446.1101379394531,3501.180908203125,1710.99853515625
2024-08-18,1460.5863037109375,4102.77734375,792.0662231445312,1747.378173828125,446.1101379394531,3501.180908203125,1710.99853515625
2024-08-19,1475.65625,4171.482421875,791.7993774414062,1752.8773193359375,445.0451049804688,3488.131103515625,1715.9564208984375
2024-08-20,1483.1416015625,4202.419921875,794.783935546875,1759.8330078125,442.6931762695313,3505.44873046875,1734.16845703125
2024-08-21,1485.8433837890625,4228.61865234375,789.0088500976562,1760.3028564453125,448.55084228515625,3528.359130859375,1732.4996337890625
2024-08-22,1485.2979736328125,4182.63134765625,791.6780395507812,1767.39990234375,447.7964172363281,3538.612548828125,1718.7545166015625
2024-08-23,1487.1322021484375,4147.23291015625,788.6448364257812,1750.339111328125,448.9058227539063,3530.812255859375,1743.3973388671875
2024-08-24,1487.1322021484375,4147.23291015625,788.6448364257812,1750.339111328125,448.9058227539063,3530.812255859375,1743.3973388671875
2024-08-25,1487.1322021484375,4147.23291015625,788.6448364257812,1750.339111328125,448.9058227539063,3530.812255859375,1743.3973388671875
2024-08-26,1499.6490478515625,4183.0478515625,795.8758544921875,1763.5460205078125,448.8170471191406,3573.345947265625,1740.157470703125
2024-08-27,1487.6031494140625,4178.125,794.8082275390625,1786.0584716796875,444.2907104492188,3633.001708984375,1756.7987060546875
2024-08-28,1485.4715576171875,4186.3935546875,794.4927978515625,1822.7178955078125,441.3619384765625,3619.608642578125,1778.839599609375
2024-08-29,1507.90283203125,4191.7353515625,795.1964721679688,1817.3128662109373,448.2845764160156,3614.114013671875,1766.420166015625
2024-08-30,1496.6995849609375,4230.7099609375,794.395751953125,1827.0416259765625,445.4445190429688,3634.914794921875,1788.4610595703125
2024-08-31,1496.6995849609375,4230.7099609375,794.395751953125,1827.0416259765625,445.4445190429688,3634.914794921875,1788.4610595703125
2024-09-01,1496.6995849609375,4230.7099609375,794.395751953125,1827.0416259765625,445.4445190429688,3634.914794921875,1788.4610595703125
2024-09-02,1503.267822265625,4200.3291015625,789.56689453125,1846.5933837890625,452.67779541015625,3613.770751953125,1782.86474609375
2024-09-03,1496.203857421875,4192.24658203125,794.6140747070312,1824.7388916015625,452.1008911132813,3620.687744140625,1778.4959716796875
2024-09-04,1501.5823974609375,4161.49462890625,796.7737426757812,1807.0670166015625,449.3939514160156,3582.07861328125,1799.45703125
2024-09-05,1480.192138671875,4158.42919921875,798.5450439453125,1817.1248779296875,453.6984252929688,3555.93017578125,1793.2225341796875
2024-09-06,1452.2830810546875,4140.5908203125,794.4199829101562,1787.7034912109375,445.2669982910156,3507.460205078125,1791.3082275390625
2024-09-07,1452.2830810546875,4140.5908203125,794.4199829101562,1787.7034912109375,445.2669982910156,3507.460205078125,1791.3082275390625
2024-09-08,1452.2830810546875,4140.5908203125,794.4199829101562,1787.7034912109375,445.2669982910156,3507.460205078125,1791.3082275390625
2024-09-09,1449.9283447265625,4133.90185546875,799.0546875,1780.9356689453125,454.1865539550781,3510.943359375,1788.6573486328125
2024-09-10,1449.0113525390625,4188.0654296875,800.923095703125,1797.5263671875,455.8284606933594,3528.457275390625,1802.8931884765625
2024-09-11,1439.0721435546875,4161.587890625,797.7928466796875,1795.5052490234375,456.4941101074219,3470.371826171875,1812.0728759765625
2024-09-12,1467.1298828125,4197.21630859375,808.8092651367188,1833.386474609375,461.0647888183594,3553.82080078125,1831.4139404296875
2024-09-13,1460.016357421875,4201.76904296875,808.4937744140625,1827.4178466796875,456.0503234863281,3544.990234375,1819.976318359375
2024-09-14,1460.016357421875,4201.76904296875,808.4937744140625,1827.4178466796875,456.0503234863281,3544.990234375,1819.976318359375
2024-09-15,1460.016357421875,4201.76904296875,808.4937744140625,1827.4178466796875,456.0503234863281,3544.990234375,1819.976318359375
2024-09-16,1458.752197265625,4193.08251953125,810.9202880859375,1833.19873046875,453.6096801757813,3593.31298828125,1829.008544921875
2024-09-17,1459.6942138671875,4186.02294921875,809.8770141601562,1835.3604736328125,450.636474609375,3625.642822265625,1832.10107421875
2024-09-18,1450.919921875,4037.8369140625,822.494873046875,1778.5858154296875,450.2814636230469,3660.229248046875,1802.549560546875
2024-09-19,1457.0916748046875,3991.383544921875,829.1435546875,1780.5125732421875,451.0802307128906,3614.359130859375,1812.4163818359373
2024-09-20,1473.2025146484375,3980.931640625,845.0130004882812,1791.3695068359375,456.5384521484375,3722.48486328125,1831.757568359375
2024-09-21,1473.2025146484375,3980.931640625,845.0130004882812,1791.3695068359375,456.5384521484375,3722.48486328125,1831.757568359375
2024-09-22,1473.2025146484375,3980.931640625,845.0130004882812,1791.3695068359375,456.5384521484375,3722.48486328125,1831.757568359375
2024-09-23,1480.5887451171875,3965.6953125,854.0397338867188,1782.6275634765625,458.8016357421875,3716.401611328125,1828.7630615234373
2024-09-24,1476.6229248046875,3968.296630859375,858.0435180664062,1784.6484375,457.2928466796875,3720.228271484375,1834.064697265625
2024-09-25,1481.15869140625,3971.502197265625,863.4060668945312,1781.546630859375,459.3341369628906,3722.43603515625,1836.4700927734373
2024-09-26,1485.12451171875,3987.99267578125,865.5171508789062,1786.1995849609375,463.9492492675781,3691.33251953125,1863.8126220703125
2024-09-27,1513.10791015625,4003.0439453125,850.5697631835938,1792.3095703125,463.9048461914063,3635.89599609375,1913.1961669921875
2024-09-28,1513.10791015625,4003.0439453125,850.5697631835938,1792.3095703125,463.9048461914063,3635.89599609375,1913.1961669921875
2024-09-29,1513.10791015625,4003.0439453125,850.5697631835938,1792.3095703125,463.9048461914063,3635.89599609375,1913.1961669921875
2024-09-30,1463.9324951171875,3965.6953125,840.572509765625,1763.0291748046875,459.86663818359375,3606.36279296875,1891.596923828125
2024-10-01,1452.2830810546875,3983.718505859375,837.7333984375,1790.053466796875,458.1359558105469,3584.727783203125,1884.969970703125
2024-10-02,1452.2830810546875,3983.718505859375,837.7333984375,1790.053466796875,458.1359558105469,3584.727783203125,1884.969970703125
2024-10-03,1394.928466796875,3932.4814453125,816.2828979492188,1779.7606201171875,455.0740661621094,3431.8115234375,1876.035888671875
2024-10-04,1374.653564453125,3950.597900390625,804.4658203125,1803.0252685546875,446.908935546875,3428.180908203125,1875.25048828125
2024-10-05,1374.653564453125,3950.597900390625,804.4658203125,1803.0252685546875,446.908935546875,3428.180908203125,1875.25048828125
2024-10-06,1374.653564453125,3950.597900390625,804.4658203125,1803.0252685546875,446.908935546875,3428.180908203125,1875.25048828125
2024-10-07,1358.9888916015625,3969.736572265625,785.1264038085938,1818.2059326171875,452.8109130859375,3403.063232421875,1870.5379638671875
2024-10-08,1385.3858642578125,3951.527587890625,801.2628173828125,1831.6007080078125,450.8139953613281,3465.9072265625,1882.2210693359373
2024-10-09,1362.8306884765625,3951.24853515625,792.5758666992188,1835.5484619140625,436.3918151855469,3421.460205078125,1895.671630859375
2024-10-10,1359.31103515625,3927.510498046875,806.7709350585938,1803.82421875,436.7024841308594,3395.2138671875,1853.356689453125
2024-10-11,1360.35205078125,3854.8583984375,801.238525390625,1818.9578857421875,433.2855224609375,3416.995849609375,1867.2978515625
2024-10-12,1360.35205078125,3854.8583984375,801.238525390625,1818.9578857421875,433.2855224609375,3416.995849609375,1867.2978515625
2024-10-13,1360.35205078125,3854.8583984375,801.238525390625,1818.9578857421875,433.2855224609375,3416.995849609375,1867.2978515625
2024-10-14,1360.7734375,3843.1982421875,819.2433471679688,1841.3294677734373,441.0513000488281,3488.131103515625,1874.9559326171875
2024-10-15,1332.5174560546875,3824.756591796875,817.3021240234375,1841.70556640625,442.4713134765625,3485.0400390625,1863.8616943359373
2024-10-16,1342.4813232421875,3804.456787109375,824.9214477539062,1804.8582763671875,437.7231140136719,3466.103759765625,1863.910888671875
2024-10-17,1344.811279296875,3817.510009765625,811.988037109375,1849.9771728515625,433.9067993164063,3503.093994140625,1855.1239013671875
2024-10-18,1347.66162109375,3839.908447265625,816.2101440429688,1766.7889404296875,431.9542236328125,3510.45263671875,1875.5450439453125
2024-10-19,1347.66162109375,3839.908447265625,816.2101440429688,1766.7889404296875,431.9542236328125,3510.45263671875,1875.5450439453125
2024-10-20,1347.66162109375,3839.908447265625,816.2101440429688,1766.7889404296875,431.9542236328125,3510.45263671875,1875.5450439453125
2024-10-21,1357.476806640625,3799.6748046875,838.9466552734375,1741.5504150390625,429.247314453125,3518.10595703125,1862.438232421875
2024-10-22,1331.8482666015625,3739.744140625,832.0796508789062,1740.4693603515625,427.60540771484375,3445.793212890625,1853.160400390625
2024-10-23,1327.0645751953125,3787.009033203125,842.3924560546875,1760.961181640625,426.3185424804688,3390.356689453125,1805.8385009765625
2024-10-24,1328.3287353515625,3769.919189453125,849.1138916015625,1751.5142822265625,418.6415100097656,3377.8466796875,1815.2144775390625
2024-10-25,1316.4808349609375,3778.90673828125,846.0807495117188,1750.2923583984375,428.0491638183594,3263.784912109375,1826.5050048828125
2024-10-26,1316.4808349609375,3778.90673828125,846.0807495117188,1750.2923583984375,428.0491638183594,3263.784912109375,1826.5050048828125
2024-10-27,1316.4808349609375,3778.90673828125,846.0807495117188,1750.2923583984375,428.0491638183594,3263.784912109375,1826.5050048828125
2024-10-28,1322.9251708984375,3809.919677734375,841.6159057617188,1753.394287109375,429.6910705566406,3277.9140625,1868.230712890625
2024-10-29,1328.52685546875,3795.39111328125,850.1815185546875,1748.59326171875,433.0636291503906,3317.259033203125,1837.5008544921875
2024-10-30,1332.3935546875,3804.145263671875,841.81005859375,1713.227783203125,436.2586975097656,3344.192626953125,1818.356201171875
2024-10-31,1320.64501953125,3695.92529296875,842.3438110351562,1670.589599609375,433.8180541992188,3554.115234375,1815.2144775390625
2024-11-01,1327.1884765625,3710.593505859375,843.120361328125,1674.011962890625,435.1492919921875,3558.089111328125,1824.54150390625
2024-11-02,1327.1884765625,3710.593505859375,843.120361328125,1674.011962890625,435.1492919921875,3558.089111328125,1824.54150390625
2024-11-03,1327.1884765625,3710.593505859375,843.120361328125,1674.011962890625,435.1492919921875,3558.089111328125,1824.54150390625
2024-11-04,1291.0009765625,3691.92041015625,831.8612060546875,1676.6739501953125,430.0904846191406,3507.165771484375,1775.943359375
2024-11-05,1294.1240234375,3698.626220703125,853.0933837890625,1667.68994140625,426.1854248046875,3507.50927734375,1770.73974609375
2024-11-06,1314.002197265625,3855.368408203125,851.83154296875,1733.7625732421875,426.9841918945313,3576.829345703125,1794.1553955078125
2024-11-07,1294.470947265625,3865.845703125,847.609375,1714.1309814453125,424.1440734863281,3577.90869140625,1758.3203125
2024-11-08,1272.758544921875,3862.213134765625,851.4432983398438,1739.704345703125,424.2772216796875,3591.399658203125,1776.630615234375
2024-11-09,1272.758544921875,3862.213134765625,851.4432983398438,1739.704345703125,424.2772216796875,3591.399658203125,1776.630615234375
2024-11-10,1272.758544921875,3862.213134765625,851.4432983398438,1739.704345703125,424.2772216796875,3591.399658203125,1776.630615234375
2024-11-11,1261.802978515625,3910.363037109375,857.1942138671875,1768.367431640625,423.3009948730469,3560.5419921875,1761.90380859375
2024-11-12,1263.33984375,3909.152587890625,833.8509521484375,1776.638427734375,419.66217041015625,3523.747802734375,1768.0399169921875
2024-11-13,1241.3299560546875,3865.333740234375,815.9674682617188,1776.2581787109375,419.0852661132813,3481.16455078125,1746.5880126953125
2024-11-14,1256.746826171875,3861.189208984375,821.5,1772.5980224609375,413.5382690429688,3459.873291015625,1735.98486328125
2024-11-15,1256.746826171875,3861.189208984375,821.5,1772.5980224609375,413.5382690429688,3459.873291015625,1735.98486328125
2024-11-16,1256.746826171875,3861.189208984375,821.5,1772.5980224609375,413.5382690429688,3459.873291015625,1735.98486328125
2024-11-17,1256.746826171875,3861.189208984375,821.5,1772.5980224609375,413.5382690429688,3459.873291015625,1735.98486328125
2024-11-18,1249.9554443359375,3743.46923828125,827.4934692382812,1722.1165771484375,414.07080078125,3475.473876953125,1715.9073486328125
2024-11-19,1231.0189208984375,3762.142333984375,845.5225830078125,1734.7607421875,414.7807922363281,3439.906005859375,1744.8699951171875
2024-11-20,1231.0189208984375,3762.142333984375,845.5225830078125,1734.7607421875,414.7807922363281,3439.906005859375,1744.8699951171875
2024-11-21,1212.528564453125,3793.15576171875,845.0130004882812,1743.6021728515625,405.7281494140625,3417.927734375,1747.56982421875
2024-11-22,1254.565673828125,3953.111328125,847.1483764648438,1808.4388427734373,421.2596740722656,3535.6689453125,1762.591064453125
2024-11-23,1254.565673828125,3953.111328125,847.1483764648438,1808.4388427734373,421.2596740722656,3535.6689453125,1762.591064453125
2024-11-24,1254.565673828125,3953.111328125,847.1483764648438,1808.4388427734373,421.2596740722656,3535.6689453125,1762.591064453125
2024-11-25,1275.9805908203125,4018.76953125,866.5604858398438,1796.5076904296875,423.1678466796875,3682.35498046875,1766.12548828125
2024-11-26,1284.6060791015625,4053.787841796875,866.5363159179688,1829.2587890625,423.3453674316406,3632.90380859375,1729.505126953125
2024-11-27,1282.1275634765625,4035.021240234375,879.5181884765625,1829.5914306640625,423.3009948730469,3629.076904296875,1717.576416015625
2024-11-28,1259.91943359375,3953.390625,870.224609375,1765.0875244140625,421.4815673828125,3597.041748046875,1702.6534423828125
2024-11-29,1281.1361083984375,3977.558837890625,871.6320190429688,1766.2283935546875,423.12347412109375,3654.685791015625,1748.4534912109375
2024-11-30,1281.1361083984375,3977.558837890625,871.6320190429688,1766.2283935546875,423.12347412109375,3654.685791015625,1748.4534912109375
2024-12-01,1281.1361083984375,3977.558837890625,871.6320190429688,1766.2283935546875,423.12347412109375,3654.685791015625,1748.4534912109375
2024-12-02,1297.9410400390625,3982.960205078125,875.8298950195312,1787.095947265625,423.5228576660156,3634.326171875,1775.5997314453125
2024-12-03,1311.969970703125,4007.26806640625,886.3124389648438,1798.789306640625,419.3959045410156,3715.763916015625,1767.2545166015625
2024-12-04,1297.74267578125,4055.370361328125,902.7156982421876,1796.0799560546875,414.5589294433594,3718.560302734375,1767.4017333984375
2024-12-05,1310.7305908203125,4157.490234375,905.457763671875,1839.4310302734373,414.9139404296875,3759.426513671875,1780.410400390625
2024-12-06,1300.320556640625,4140.21484375,900.6531982421875,1827.5950927734373,418.15338134765625,3793.91455078125,1771.967041015625
2024-12-07,1300.320556640625,4140.21484375,900.6531982421875,1827.5950927734373,418.15338134765625,3793.91455078125,1771.967041015625
2024-12-08,1300.320556640625,4140.21484375,900.6531982421875,1827.5950927734373,418.15338134765625,3793.91455078125,1771.967041015625
2024-12-09,1284.0609130859375,4146.40771484375,907.520263671875,1828.783447265625,412.6507263183594,3872.99755859375,1773.7342529296875
2024-12-10,1273.8489990234375,4128.15380859375,906.5982055664062,1852.45556640625,413.0945129394531,3849.3017578125,1776.97412109375
2024-12-11,1267.2559814453125,4123.40380859375,904.1716918945312,1876.79296875,412.9169921875,3843.0224609375,1780.9503173828125
2024-12-12,1252.0870361328125,4149.0166015625,902.30322265625,1889.0091552734373,408.7900695800781,3787.242431640625,1772.55615234375
2024-12-13,1261.9517822265625,4166.66455078125,908.3695678710938,1901.0828857421875,417.1327209472656,3813.83251953125,1780.410400390625
2024-12-14,1261.9517822265625,4166.66455078125,908.3695678710938,1901.0828857421875,417.1327209472656,3813.83251953125,1780.410400390625
2024-12-15,1261.9517822265625,4166.66455078125,908.3695678710938,1901.0828857421875,417.1327209472656,3813.83251953125,1780.410400390625
2024-12-16,1257.4407958984375,4111.99609375,905.1907958984376,1882.4019775390625,417.2214660644531,3804.854736328125,1776.8270263671875
2024-12-17,1234.6378173828125,4031.24951171875,889.6853637695312,1879.1221923828125,416.73333740234375,3735.534423828125,1756.4549560546875
2024-12-18,1242.5196533203125,4049.2705078125,878.74169921875,1881.54638671875,417.5765075683594,3687.407958984375,1768.236328125
2024-12-19,1219.914794921875,3978.5361328125,870.3944702148438,1850.2213134765625,414.07080078125,3646.394775390625,1790.0809326171875
2024-12-20,1194.9803466796875,3883.912841796875,859.7177124023438,1827.3572998046875,412.384521484375,3561.523193359375,1775.8941650390625
2024-12-21,1194.9803466796875,3883.912841796875,859.7177124023438,1827.3572998046875,412.384521484375,3561.523193359375,1775.8941650390625
2024-12-22,1194.9803466796875,3883.912841796875,859.7177124023438,1827.3572998046875,412.384521484375,3561.523193359375,1775.8941650390625
2024-12-23,1211.834716796875,3872.737548828125,874.0343017578125,1829.4014892578125,420.9046630859375,3571.972412109375,1781.5394287109375
2024-12-24,1212.2808837890625,3892.481689453125,872.6268310546875,1814.9034423828125,424.6322326660156,3571.236572265625,1785.8592529296875
2024-12-25,1212.2808837890625,3892.481689453125,872.6268310546875,1814.9034423828125,424.6322326660156,3571.236572265625,1785.8592529296875
2024-12-26,1206.1339111328125,3882.796142578125,869.0598754882812,1813.3348388671875,423.3009948730469,3561.1796875,1807.802001953125
2024-12-27,1210.595458984375,3878.83837890625,872.6996459960938,1822.2236328125,424.7653503417969,3540.1826171875,1827.3394775390625
2024-12-28,1210.595458984375,3878.83837890625,872.6996459960938,1822.2236328125,424.7653503417969,3540.1826171875,1827.3394775390625
2024-12-29,1210.595458984375,3878.83837890625,872.6996459960938,1822.2236328125,424.7653503417969,3540.1826171875,1827.3394775390625
2024-12-30,1200.3338623046875,3873.203125,862.82373046875,1812.00390625,423.3453674316406,3511.5810546875,1849.576904296875
2024-12-31,1200.3338623046875,3873.203125,862.82373046875,1812.00390625,423.3453674316406,3511.5810546875,1849.576904296875
