date,BTC-USD,ETH-USD,SOL-USD,XRP-USD,BNB-USD,ADA-USD,LINK-USD
2025-01-01,94419.7578125,3353.504150390625,193.8737335205078,2.322340965270996,706.512939453125,0.9175919890403748,21.67484474182129
2025-01-02,96580.55183016392,3441.0539161376014,207.14467695262806,2.3961705982112678,703.5647254810624,0.9585292034521059,21.97441546813118
2025-01-03,97488.04608456744,3583.444467621117,216.44475735841777,2.4382228054132424,709.374513290682,1.0839978743494056,23.25838568042465
2025-01-04,97307.40131560835,3624.9351197370224,214.68206544932738,2.397916348377001,707.4454398758722,1.0620130891295538,23.401792694710604
2025-01-05,97077.49194793339,3590.7551266296027,210.8482104776634,2.3711024721198584,700.798064114472,1.0807119602628104,23.353305080505535
2025-01-06,100474.57751756183,3633.6950598910475,215.4667661136454,2.3827956845770517,718.5407329235195,1.0781939140282693,23.46518008447344
2025-01-07,95098.55603903632,3321.2535428940223,198.62267614957082,2.2318136934403427,684.9285553056627,0.9747033665053001,21.013221464169845
2025-01-08,92959.90409906383,3257.204777716422,193.4535698645423,2.3259436413009995,681.3769415646193,0.9287632640122695,20.030080733363896
2025-01-09,90170.5381459921,3143.084150880635,180.63754053099856,2.2212570105804814,668.8735757553288,0.8849769564845157,19.17990413162875
2025-01-10,92040.55955116032,3180.4481135628744,182.582301442464,2.280830621015381,675.1471564690189,0.907184385728339,19.72664648370627
2025-01-11,91618.9030366565,3185.213578365951,182.43940680695377,2.5006150027102527,676.068486244817,0.9657750112591822,19.595616966982096
2025-01-12,91253.75471549096,3159.9336925240486,182.43943752062296,2.4249554753946985,670.5509334041246,0.937801753224813,19.19339079035945
2025-01-13,90992.28024132761,3024.6294047084484,176.37035307803708,2.433724675527929,663.9305796804473,0.9120655839279739,18.676503815703033
2025-01-14,92640.74881082092,3100.3809215622473,180.3269078510332,2.567040505469678,671.8979822247624,0.9576840584937009,19.533240771251826
2025-01-15,96146.11749477092,3308.616229121756,197.44216757403768,3.025289683078767,684.6602958701203,1.0357344076389081,21.20467707610454
2025-01-16,95129.23056730954,3162.7696944252107,201.93328718483113,3.1027279750693957,677.1311375299118,1.04317453016257,21.99329929156076
2025-01-17,99301.14246612377,3311.2889310271066,209.32877929273297,3.1440404754084352,687.924776220546,1.083077741952891,23.935778748060994
2025-01-18,98936.04595891747,3141.421299376395,248.8492388106655,3.1112304253874252,674.1514342423856,1.0484631005581495,22.91347771739378
2025-01-19,95488.6454902035,3040.2758589909436,237.41356741201957,2.799393676439944,646.3419533541928,0.9402137849296497,22.97454008391873
2025-01-20,96059.66477027678,3096.412798382501,228.8281295044651,2.9280856804798265,644.0273959029702,0.9539667190130161,23.679996525499437
2025-01-21,99632.12712029359,3133.633195076564,235.83082410989485,2.984828490827384,651.5283276001987,0.9474099241567188,25.045722371218655
2025-01-22,96984.33400605503,3042.3877502595774,241.53134573427283,2.977488257740322,652.5499543595002,0.922999498787679,23.74695405386455
2025-01-23,96964.13776556731,3121.728803203055,237.26723561804317,2.9206261911755087,646.121019311962,0.9257804201161975,24.016575451841693
2025-01-24,97456.521077901,3088.8959168845854,236.46878754906567,2.8965634492804124,634.8611237821272,0.9081126599189366,23.510189818410236
2025-01-25,97051.23323604309,3086.821788561281,238.28437581905663,2.893677440088305,638.5940361653222,0.9108379409526495,23.19321209143712
2025-01-26,94866.91707131814,3002.3024966902226,223.4780548275479,2.807563269731859,618.5857667524771,0.8873390811625782,23.111679141064513
2025-01-27,94019.17887174703,2940.3882942077284,217.43550164882038,2.824087499812744,628.7846522402637,0.8644361326330318,22.337280124727055
2025-01-28,93028.59860166501,2837.693780394335,209.5260624872464,2.822945583430917,609.9615571028503,0.8463575339585632,20.85633004911687
2025-01-29,94904.05290406932,2862.188602342037,209.57969425768087,2.821085450906239,613.8911293927326,0.8669183199193501,21.719018841444917
2025-01-30,95545.53367330744,2977.1655645112137,219.10704471548593,2.8701791866665354,621.0978559785924,0.8826442945463705,22.434579501052784
2025-01-31,93124.35666764739,3014.387365740137,211.70110866721316,2.7741649444269716,619.0744713146944,0.8628564303078604,22.983850646453774
2025-02-01,91244.35839750053,2841.400764209352,194.79951970141008,2.628309434025957,595.4038317369345,0.8198934089770855,21.00133235169225
2025-02-02,88274.86300461784,2606.1042465414953,184.5268738185571,2.3436508207050646,561.0679640754105,0.729907407843424,18.557646747554983
2025-02-03,91343.44834541265,2612.6752093992213,195.77590765657823,2.446552260524951,558.9526542208406,0.7366825860539413,19.60323788154599
2025-02-04,87881.73585555641,2469.832121716197,187.0101778359827,2.2895636538465163,517.7319640951588,0.6754991972352855,18.117696946130796
2025-02-05,86479.31777378402,2509.905844729068,176.4529321081512,2.144856543382149,512.9570942196814,0.6616681479681354,17.290165700773333
2025-02-06,86186.13762163011,2413.182819174086,170.345025373437,2.0886716819957547,513.6889780725137,0.6344038269501152,16.69074421807244
2025-02-07,85856.53494458957,2346.718394325177,172.01138979590954,2.1421102285574314,517.3344087663606,0.6343677706976557,16.455214100741454
2025-02-08,85543.74012816686,2348.6980672746568,178.09459813660752,2.1631687837713196,547.24341371505,0.6278188009871918,16.475158674096175
2025-02-09,85288.87123833245,2338.471448829882,178.35965939041347,2.1322823265892006,548.555672606342,0.6089017818397974,16.28399466901336
2025-02-10,85845.14566871955,2360.2431743549123,177.70014477566863,2.148738695095033,548.3957789274829,0.6320112657015673,16.6440781452201
2025-02-11,84089.39426218178,2301.5455286236815,175.06860751867828,2.1348035191273023,568.2165819695866,0.6910805690030294,16.484709855521004
2025-02-12,85695.65289388059,2412.893525208329,173.47870680960816,2.18008810601112,615.400094468779,0.7065834274741556,16.909966616399476
2025-02-13,84323.37553003315,2352.048709091911,170.92611479016514,2.2523839892251645,587.3985478651463,0.7146669070045016,16.31282586816902
2025-02-14,84826.75733341067,2388.985784000716,175.21182307539533,2.401346080246253,576.6706184030652,0.7035779134158265,17.013612973782156
2025-02-15,84620.46641846279,2353.406068971165,169.922093235183,2.412834712519529,578.6862482792911,0.6845187047545267,16.585800639166287
2025-02-16,83138.10219117133,2320.011011848338,164.19026030121273,2.376204724678011,587.2083511858114,0.6745580402876541,16.29415849342491
2025-02-17,82529.14237153225,2382.439625408814,154.32164263027525,2.3086825003881746,579.4813113556404,0.7039633780844047,16.588055076573266
2025-02-18,82067.35111294223,2311.3478205158935,146.40801471131655,2.2157010613079087,560.6132724451053,0.653549943639545,15.441036150427223
2025-02-19,82746.41033641882,2344.508744969653,145.9060085404138,2.366117079440495,564.1753128407198,0.6694603898203673,15.520798599833084
2025-02-20,83934.42828817264,2358.6724971836334,151.52668314091738,2.3160171959013085,565.6581331483704,0.6947290936478283,15.749875092930672
2025-02-21,81790.01065474341,2282.3294494134548,144.9309292531497,2.205513424487422,555.12371898157,0.6555802865976614,14.926490924925966
2025-02-22,81914.97324490167,2364.7906673961506,147.29551459450533,2.2036689443540767,572.005287269386,0.6648904643056737,15.19840634222765
2025-02-23,81399.0944224194,2406.56741575452,143.33590150421256,2.1981886171835288,561.1894491568611,0.6591671070936099,15.045822131074008
2025-02-24,77049.20746358648,2137.8572050691937,120.75371009638043,1.937244740116899,522.1394440597519,0.5822650605885812,12.966927437596707
2025-02-25,74552.30351722213,2114.3014061514823,122.18806035243962,1.967721414946324,528.1875788618006,0.580883002210662,12.968076592935903
2025-02-26,70640.68030227225,1970.902426835854,113.9801812980203,1.853383356668775,516.2517151825957,0.5473248909186159,12.85575188182108
2025-02-27,70715.55061206437,1943.1119685517342,115.98978242896479,1.8530679465764612,510.0112729285926,0.546184528690741,12.7324061378421
2025-02-28,70216.32761783183,1880.504858522975,124.38916155653766,1.8029368840612825,493.6337562659396,0.5340116311077563,12.450416610344982
2025-03-01,71370.52634490989,1857.0589550742966,120.36860113927274,1.8352429242337742,508.96088342750846,0.5544956066909619,12.38976267186906
2025-03-02,77939.53518371454,2104.6258245936915,149.09197289938206,2.4531402492081003,520.3199647615083,0.9472215378479332,14.544563466823954
2025-03-03,70947.76943942839,1786.7656818329492,118.27063923513855,1.9867699230011477,478.9832459034249,0.7151389570098474,12.033666471379389
2025-03-04,71673.81642790159,1801.7062687286866,120.32041001530372,2.0384429573107252,484.53675444720545,0.7847544184653895,12.350650702188354
2025-03-05,74233.40499710382,1855.8785530522875,121.07810018043828,2.069887629659453,494.99632346825473,0.8107846762902831,13.627245585391144
2025-03-06,73458.28196747598,1817.7192362141348,118.31205150428504,2.1472247444670467,492.4802134969322,0.7522115009679499,14.088030495283386
2025-03-07,70605.82215347487,1760.0330883260713,114.54610261113353,1.9596827559851102,488.73365378012153,0.6750100624414991,13.115045583466847
2025-03-08,69905.42689754363,1806.0526436784992,112.3431521192244,1.9060792150801344,486.54566751860773,0.6630560712699746,12.511521204083834
2025-03-09,65192.52886176189,1648.5099940087625,103.41311197672374,1.7458963137531347,453.5982397190264,0.5916556390229416,11.265443915861898
2025-03-10,63318.202794338904,1517.6989070251902,96.46246935419447,1.6458428892717991,433.92537590250276,0.5509696131244495,10.35077728891497
2025-03-11,66598.30448916454,1560.8716861114533,101.84204996648661,1.7617452013303367,448.3596442683136,0.5901860423999156,10.650462356196616
2025-03-12,67076.87919543794,1547.3912749024328,102.60638365261103,1.8163207678795277,461.947776266495,0.5989278126687052,10.928601663796751
2025-03-13,64743.86699199222,1505.5703193181353,99.634457197593,1.8191659574006558,468.09923692929897,0.5702519681583337,10.528217206450561
2025-03-14,66849.83883049335,1538.525396135625,107.41618572185975,1.8986692541928756,473.07643707577523,0.5977495876917027,11.022111854623526
2025-03-15,66935.29778639162,1556.351201646923,109.18149243707471,1.922540116436749,497.6466253585899,0.6040493615691179,11.276886337074028
2025-03-16,65328.63161577954,1511.675737611622,100.90580963775734,1.8403970333183577,482.32453862560885,0.5680527199093666,10.70908081458798
2025-03-17,66301.82576959657,1538.743092952304,102.34080232735792,1.8690373431894094,504.15328389407904,0.5762823481888047,11.207497894793393
2025-03-18,65025.312064309815,1538.5447293288528,99.76447923322822,1.820704246953711,500.0730824022763,0.5617829041730406,11.084670665379987
2025-03-19,68060.55497578012,1633.3166110978234,107.60925151042491,2.0207344589824126,491.5291232018408,0.5937409644450358,11.916241430112038
2025-03-20,65746.42131899708,1568.5581393644957,100.8964036480396,1.926708057206949,498.5123962729831,0.5707759017095276,11.249289086761907
2025-03-21,65442.03491269829,1550.247586750656,101.33039816144118,1.8772295700340877,500.7000161079301,0.5592688999904248,11.013575751825663
2025-03-22,65071.53744270982,1557.5529323235103,101.06986920626704,1.864169531242992,492.88088153062245,0.5543282879344816,11.191135710898179
2025-03-23,66585.00245994379,1572.6990347067283,103.99386899640999,1.9100877759304467,488.87524601717087,0.5594598555661588,11.321500390716476
2025-03-24,67488.66891799933,1624.4270049703393,110.14881924151658,1.914272339678377,497.80650836163755,0.5747144367172828,11.798590545944917
2025-03-25,67254.37114917266,1611.9875289404467,112.1169135562986,1.9110233472369405,491.0908466811474,0.5841664404596566,12.048470136811364
2025-03-26,66604.2368018808,1561.6318353465217,106.70682190851142,1.825816251171492,480.19483548600306,0.5690601690332303,11.860112968423193
2025-03-27,66604.69249874275,1551.6598010257535,107.20766844520054,1.8119671009615514,493.7821938352775,0.5748826362822467,12.017250885321538
2025-03-28,64243.38754146545,1464.456525921276,99.99171382022372,1.7029058042244916,478.6033653917802,0.5482396074243846,11.005507735507976
2025-03-29,62707.46215298784,1407.549970743814,95.96748690666276,1.6483619478355278,464.6626089287558,0.5221288417216458,10.434216892177263
2025-03-30,62310.11897103163,1387.1281130850412,95.72224292880564,1.6405012772166807,462.1896691162982,0.5103918017155686,10.281098403950095
2025-03-31,62274.85184122028,1396.189517401128,95.47493746780829,1.6001777917481383,463.2879606763863,0.509466029107926,10.346139707269483
2025-04-01,64048.43127857746,1454.6131034407335,96.70673170203938,1.6333351676722543,466.6516856991454,0.520421094895458,10.720060510222341
2025-04-02,61834.31139204637,1366.3999527310777,89.62448242045872,1.5412639574157947,449.52999709728533,0.4913184529457568,9.84439148172627
2025-04-03,62099.96347287463,1377.7289902665375,88.8277455754361,1.565026703411156,449.3116897986079,0.4963078690436317,9.772760922866505
2025-04-04,62455.580988013404,1373.3735203526728,92.89317468437594,1.61064311229188,452.0926665370847,0.5027635344711543,9.7855149648836
2025-04-05,62006.387947244075,1362.198109967819,90.70819529925055,1.6169599684552878,447.3709369614647,0.49690532074789134,9.689601670724729
2025-04-06,57894.449663681204,1185.7219517473814,79.4969408127603,1.4422843477935199,417.06327744328286,0.4334852369992538,8.462728570783833
2025-04-07,58464.65362834741,1166.0599435810109,80.15159751702384,1.422863026179279,415.73035568261474,0.4417518475233547,8.585775418025117
2025-04-08,56100.15734334008,1100.7565294021392,78.87201757196597,1.3414676723766144,413.7255641738787,0.419735537693867,8.15428311728398
2025-04-09,60543.430075682176,1243.1510278994263,88.7307863570143,1.5291121157071004,434.0261663140445,0.47385979008172924,9.433102130856662
2025-04-10,58197.50234315678,1131.298477177731,83.81828071564232,1.4611827076662947,429.03803000382436,0.45580047762977904,8.97249440453485
2025-04-11,60766.559283710994,1160.973111763913,90.0334008774083,1.4993323062105905,434.1854021831191,0.46548723193578834,9.380227372856544
2025-04-12,61941.47506638207,1213.9087125641545,97.6875294234431,1.5943548693705984,441.03454284386424,0.48991515905207805,9.71011108629352
2025-04-13,60585.73503464178,1175.7780519795851,94.68517716917044,1.5612861484641574,430.08106781113815,0.4730758911501875,9.296072052130443
2025-04-14,61012.96643581477,1191.4064528933116,94.93719364740018,1.5614219227717128,429.0076708177123,0.4693239237433719,9.267396625994053
2025-04-15,60191.73868874666,1162.8496058277506,92.42227899389404,1.5287792146477155,424.3194699062832,0.4489983417795322,8.956514854926501
2025-04-16,60263.09531566483,1151.6837244313488,95.93052258163877,1.520326789890397,425.3254903788037,0.448606255390497,9.018247752704358
2025-04-17,60688.690727940186,1151.4665848712013,98.007182987306,1.5035293680361974,429.40364080723936,0.45160532661809205,9.10771511236503
2025-04-18,60179.74527306514,1152.6429088426385,97.26003539281105,1.49693054263943,429.27925949839005,0.4584216176680414,9.11313235783374
2025-04-19,60424.64346573026,1166.5468433325645,101.07440898327206,1.509654760539621,428.00271000886283,0.4574496963071411,9.356766525520028
2025-04-20,60312.12331388811,1144.7307407361272,99.34702221986188,1.4976917237218073,427.5827664353439,0.45017411184620915,9.572924866299376
2025-04-21,61776.405782972164,1135.7086224649952,98.28003149897611,1.4993262459443457,429.4952359764789,0.45186683735480226,9.422696402191475
2025-04-22,65748.69036441542,1259.6029587460064,106.61197607129216,1.58798496693516,443.55672408982196,0.4913156290674156,10.134520367609936
2025-04-23,65721.23057212893,1283.537596108672,108.01722994908208,1.584573807528585,432.92939859464,0.5022328016778992,10.723234645730354
2025-04-24,65684.5254678716,1260.9739991826332,108.5136666160253,1.5706989562539542,428.711961311962,0.5181779885941886,10.718629216835588
2025-04-25,66018.19922428142,1269.1326248078658,107.2022053835554,1.5507284686120684,426.3375173552407,0.5111588676953631,10.604847215002414
2025-04-26,65758.35740969892,1290.2932791081414,105.72976874432615,1.5532610220278023,430.38841361242555,0.5049371711247168,10.534829764523757
2025-04-27,64932.612207792445,1265.9399548086055,104.67621703841252,1.5931264313769669,426.21432279139736,0.500934928051178,10.300980036437366
2025-04-28,65572.28896363845,1266.3624474688327,104.05579397093057,1.615739781950392,426.8711020318222,0.5005354338564635,10.571957137110225
2025-04-29,64887.383535056375,1262.7963570533627,102.77405767223611,1.572762196078628,421.84720392853455,0.49259649394100546,10.257129376302855
2025-04-30,64629.08053814223,1255.2346854725336,103.316653451427,1.533591267212967,419.6407622164693,0.4809966737263728,10.001807756288605
2025-05-01,65987.3848324108,1283.1813391489984,105.24209341021326,1.5447684871251464,418.5487347126299,0.4961177266798441,10.292175620257192
2025-05-02,66063.52450475744,1281.762606224066,102.98159482991568,1.5371284634905724,418.16165109265535,0.4894811264515715,10.198129529418834
2025-05-03,65162.692652046775,1271.772983954582,101.80347259263863,1.517638568257512,415.6379769180377,0.4901344307516077,9.890038596199386
2025-05-04,63889.21693029229,1250.5080135416763,99.55354825575995,1.4919542606256422,405.17187222198584,0.4717344561411257,9.582978574296828
2025-05-05,63978.983465754434,1254.4161984676962,101.1259511581465,1.4721910635249071,412.01997059792063,0.460819071867447,9.40724414912199
2025-05-06,65159.5739339296,1247.490195597032,100.8709754048649,1.48140398414108,414.0738363815142,0.47014626770422707,9.505302436261772
2025-05-07,65107.784660436584,1241.3681588236045,100.87534827154819,1.4569172956185585,413.3856255779145,0.4637966735033863,9.469397155499783
2025-05-08,69055.03939174654,1507.4420209349262,112.01438301667717,1.5871479514505504,429.4889705199303,0.5281799529651799,10.82824992971303
2025-05-09,68656.28094489432,1597.598751205198,117.71877137042287,1.597029111969236,454.2318901592563,0.5342630336436636,10.905670413309263
2025-05-10,69586.04517109372,1753.7001960374214,120.62139005581957,1.6787335080472499,450.6565639199413,0.5762353854270759,11.775960385564488
2025-05-11,68975.15699293917,1699.573754354593,117.14875336014873,1.6022719757564532,440.5104182402732,0.5497673863825465,11.553291491641488
2025-05-12,67902.85052538222,1685.1402163357839,117.62233785014837,1.7177037471665348,445.84589925597487,0.5567704323095726,11.294843894606368
2025-05-13,68581.46989209641,1803.7451928064197,123.83744245203559,1.7407641839213237,447.9334412379141,0.5645920718372981,11.732366936597574
2025-05-14,67950.92039911548,1751.3281588995958,118.57024917732555,1.7128399117325521,437.86910311507995,0.5412483516815716,11.41557408845073
2025-05-15,67870.34322631625,1703.7982506021767,113.06443215430451,1.5924197178601611,435.68322433406985,0.5138266430115508,10.706018041693499
2025-05-16,67489.23610364622,1691.651689586221,111.60786689216235,1.588061160324031,431.08135287787826,0.5109924384682709,10.508355852236692
2025-05-17,67082.0036505269,1646.324381515025,110.34049856503472,1.5656022787340056,425.3330566578016,0.4981666618187355,10.187640471502668
2025-05-18,68979.16857931389,1656.2962571145792,115.29257358308519,1.613823536676922,432.3764125591838,0.5089120111561434,10.55642626218152
2025-05-19,68218.57505854199,1671.7816263690986,110.29741297419478,1.5740937110089948,429.55338856865905,0.4957049030807166,10.443428733363943
2025-05-20,68765.88685449245,1663.4828756284721,111.03427529495596,1.55315086019966,428.58160903460714,0.49602630977620005,10.341164213842053
2025-05-21,70401.61330752955,1677.0115897778337,114.11702978735079,1.5762067121948322,442.29016043171544,0.511146973401576,10.594273412318712
2025-05-22,71455.68565285022,1745.2323144401962,117.71170091698782,1.5917068048843666,449.538316008696,0.5343937100100283,10.963436026568743
2025-05-23,68432.5266538118,1650.0604887366796,113.52822521737947,1.4984585784756257,428.59564059929613,0.4921096130243822,10.137140144015234
2025-05-24,68536.2144232481,1647.8554265732619,114.63175943532453,1.5190714682609974,435.1744252932927,0.49120204851718063,9.998940463131598
2025-05-25,69108.13931157041,1656.6290613641545,114.08262877107411,1.5210812751965688,434.9163136796441,0.4981474256916355,10.079813014102609
2025-05-26,69145.51122090199,1659.6762057694855,113.21170233541993,1.4956092730578152,436.5105270658757,0.49640860038284923,10.050724436816544
2025-05-27,68646.17265603827,1718.5476191176024,114.1033980340949,1.4962987860037096,443.4417325172122,0.4943864025008157,10.2723599590873
2025-05-28,67680.57796601961,1725.716211304091,110.78550701116606,1.4632377233196314,442.2716964677736,0.485278657140761,10.079014861484408
2025-05-29,66114.43209203344,1688.7570096533111,106.86055733622655,1.4396062086864956,433.0996066873565,0.46795184598597983,9.647863193193224
2025-05-30,64880.28605078917,1618.0100199072158,99.91895748501386,1.3677503252700647,419.2096337527198,0.4452558652014097,8.88906968178474
2025-05-31,65072.86684011082,1612.6173256463571,99.87740194994807,1.3868795090171493,419.8789551153488,0.44185665545895353,8.91201815371807
2025-06-01,65495.731261622255,1612.3505151196985,100.30649703364598,1.3853467598549858,420.2044481710516,0.43985607430550744,8.939584366858632
2025-06-02,65430.434271230886,1652.41441445874,99.50754417805325,1.3929675918836095,422.4944469120084,0.4415788966547152,8.932260693047967
2025-06-03,64946.94081070374,1638.7333390822896,98.16371741892183,1.4198150101720977,418.13763102098284,0.43705331053902763,8.919934915485529
2025-06-04,64311.463089970384,1643.5034087705108,96.62000533033302,1.3875045532162558,418.1497954218814,0.42385487723680365,8.726309544185407
2025-06-05,62176.27474154691,1517.7538374958556,90.79250329562313,1.317597601651086,398.2713177389601,0.39829580904829903,8.116982830530915
2025-06-06,63696.98169648025,1551.3519874532521,92.63111993103351,1.3542143568580192,402.95293756039854,0.41537406580477815,8.50533863592712
2025-06-07,64240.872901398114,1577.4933054469393,93.74034314299712,1.3602352458698785,406.563742189065,0.4195860826608751,8.639165336770438
2025-06-08,64145.70591418557,1562.9831852393952,94.88884244046119,1.4102871066730878,405.96675214616045,0.42143277230336856,8.53900679053681
2025-06-09,66663.02480847872,1664.263548984202,99.97846938871646,1.4401233876011892,413.3194001060748,0.44224834230967563,8.913419700402335
2025-06-10,66430.04661688424,1740.9579498983862,102.11668936818648,1.4264720571225726,416.8189736306527,0.4477462788135014,9.546369743253015
2025-06-11,65276.716334678444,1711.0729392424528,99.36016476021405,1.4009693218327461,411.90495981245965,0.43536240900470147,9.198220591569557
2025-06-12,63419.38517923408,1631.0709633381693,93.97814811638185,1.3499624251163704,403.6436443464674,0.412748985114193,8.627117499475107
2025-06-13,63315.50571526754,1581.8423101327796,91.14475357817027,1.317869692596259,401.8285873536363,0.3980854780802316,8.239768330453684
2025-06-14,62747.330372313416,1548.953711428747,88.50889811726017,1.3092607308425595,394.9126022791047,0.38629577990559627,8.050094610526093
2025-06-15,62596.16063572123,1552.4778372618327,93.15120763414,1.3210480269363127,395.1730921036409,0.3906495219866104,8.10540966724399
2025-06-16,63134.091553682454,1544.0398084679227,91.69047536123412,1.3624255395637517,395.61869480449326,0.388142312058277,8.250012183784323
2025-06-17,61640.60952136192,1521.331720935474,89.52521466633917,1.3092293497406995,392.9485402294002,0.37402704651155017,7.881747358468154
2025-06-18,61611.501861863384,1524.9542295664414,88.41329233558616,1.3107150434716557,389.5338154731532,0.36865509623725107,7.916168750946735
2025-06-19,61300.15572048834,1518.7913631079207,88.5811139313741,1.3045439003777495,388.29105276117446,0.3667688134297854,7.875004477232641
2025-06-20,60303.91257603741,1445.5755284870615,84.17062120172102,1.2732590128654073,385.3887090593665,0.3505954704886708,7.514887402533458
2025-06-21,59501.006302916256,1377.2993380972198,80.92046348153514,1.2318534088803388,376.4293287677744,0.335671520709192,7.175524153248553
2025-06-22,58576.085822467234,1330.027979743168,78.56185316675707,1.2021801893313968,367.68928386332277,0.3266386653567347,6.955391827155047
2025-06-23,61045.197777127374,1441.26524190803,86.20051202059436,1.289203843523644,381.64522484920167,0.35114250600403635,7.661701702380846
2025-06-24,61121.85531641699,1452.483652499372,86.59959394341806,1.2998827176536507,381.9503175131762,0.35257144570803145,7.955700709220829
2025-06-25,61684.50237701453,1431.155987650423,84.89122766326192,1.2930643535261648,382.09930833727736,0.339396409067205,7.771199686402486
2025-06-26,61259.66295182094,1425.0031300292494,82.01519127532359,1.2419982255262927,378.88523075151966,0.33060884091384074,7.625821374270577
2025-06-27,61139.30437496209,1425.2741416840522,83.61096049138901,1.2598956037132312,379.9490960041961,0.33246253175591045,7.6796823075772425
2025-06-28,61082.1777317712,1428.7681716871416,88.42344950077593,1.2815797638542956,380.3333454485002,0.33560178424873505,7.8553354213498165
2025-06-29,61489.20504076694,1461.8089016316967,89.6347455322575,1.2900322153258876,382.86808026247274,0.34194708811355257,8.022495939693485
2025-06-30,60587.75785627697,1448.9827577396322,90.17172902742377,1.3046276388872282,382.8803625839259,0.3374274585733408,7.7976168408392414
2025-07-01,59586.07855136468,1397.7718938902851,85.36476139590583,1.2620509775889308,375.5589068185378,0.31881919414919735,7.492627005994418
2025-07-02,61174.04975407888,1489.4775099429587,88.17971698799012,1.2939379805572206,382.3462360397485,0.34247795232708106,7.854355263436509
2025-07-03,61422.42651127704,1496.3768132766638,88.0161585652595,1.3038585646032745,383.0870439368509,0.35023645806063347,7.893927884386793
2025-07-04,60327.1611074008,1444.397477928359,85.08187084336713,1.2789252882995608,376.42128577382397,0.3339402661287468,7.583108447280809
2025-07-05,60245.99871126536,1445.1006384830876,84.75686045917223,1.2735919822944601,376.6734286844287,0.33471561744199907,7.594711320979301
2025-07-06,60610.897544451844,1471.6540020349737,86.92487593558683,1.300694833535906,379.52072371416756,0.33959101829698485,7.723401898409534
2025-07-07,59903.63074510515,1451.1403138298763,84.95223807533654,1.2976755793484778,377.2021897729861,0.3352595488144593,7.662879127225285
2025-07-08,60072.8647431892,1488.0365868961287,86.369304110191,1.3149275642415637,375.927025674372,0.3390223510726957,7.946757439195987
2025-07-09,61189.02335053844,1571.6531048734773,89.21393534692251,1.3645358683886113,379.5597492424371,0.3581425739286357,8.085113804570383
2025-07-10,63549.12319594848,1671.0401364137397,92.78167261284362,1.4402140621117934,387.758571314476,0.38753954457567324,8.618054206752042
2025-07-11,64183.72052457532,1667.7491482826415,91.83876329939434,1.5420022088268388,388.9722611553084,0.40575067071426524,8.62573660177371
2025-07-12,63936.27717970597,1654.3355346797853,90.3277716579034,1.5389414453121946,385.50486167027464,0.4032930695415832,8.487568965827423
2025-07-13,64646.38100420177,1666.4443953373614,90.34256338736742,1.589427409244543,387.9664470949596,0.4185506028622041,8.768937015833965
2025-07-14,64838.86230282299,1683.7992393259212,90.67609849746438,1.651181148565196,385.2320759842564,0.41567347997238624,8.816220698855577
2025-07-15,63516.17500594137,1749.2509285878969,91.33775086601783,1.626165262985781,384.359112718426,0.421503561268986,8.965115953855843
2025-07-16,63832.150850717226,1872.6598066183185,96.48412592878697,1.6893089962885426,393.31947033065114,0.4302441362670926,9.261451519013097
2025-07-17,63925.78877219604,1925.3501561157063,97.34948316029025,1.9355089514433765,399.38788822514414,0.46222090001192756,9.966803889632953
2025-07-18,63036.37670943098,1959.463052053531,97.9351425048776,1.8872440473643661,403.16297593283304,0.45643170638053443,9.85138070273665
2025-07-19,62803.396423078084,1979.056303483147,97.47011959793605,1.887752649538797,403.7788007669939,0.46317361195356865,10.13762173792959
2025-07-20,62265.54040064695,2063.2416693912387,99.63457691545324,1.8986297283652611,415.85649027759496,0.4776151725389384,10.594890450738854
2025-07-21,62142.09639146242,2059.1951201652505,107.24172373295129,1.945599597024997,419.5593781569902,0.49378436140034226,10.687444611863839
2025-07-22,63293.76716152239,2045.2661943990938,112.21553619826928,1.9375409443451375,428.8625140059415,0.49926011580043955,10.726789764546016
2025-07-23,62441.42298493736,1974.1758018020673,103.0913600470653,1.7322659303294463,422.4104583853374,0.44999242603726936,9.890766686710164
2025-07-24,62041.183569569046,2010.7226042347402,99.02092346637092,1.7048249702042164,418.2166486703172,0.44281851968128605,9.71084012635407
2025-07-25,61462.51324363222,2015.1128845176695,100.98072427635374,1.6985423441756773,424.7309719545196,0.4472741513491007,9.888875188379387
2025-07-26,61430.41991644774,2016.6925192787176,99.6725387195325,1.707368681843913,427.59629619278866,0.4480018671768565,9.921493269294697
2025-07-27,62015.555623739434,2082.5837177546873,101.42665374409711,1.7418868570808856,453.1746810282617,0.45333984829325674,10.33677954067962
2025-07-28,61030.74317935575,2029.2912109850374,97.80521514346181,1.669458719872931,440.4350407477618,0.42967401398871913,9.664179274563603
2025-07-29,60836.58374741287,2026.4331316279636,96.86786848106898,1.6711827796980965,429.9705472179613,0.42385286863461036,9.520519432718945
2025-07-30,60597.46046948661,2028.2169807800726,94.63837574485281,1.650169673044911,422.4224368913276,0.4123338042464846,9.43496237241386
2025-07-31,59343.16161595329,1962.9385878232158,91.55671091534015,1.6063544861336194,416.1242699951623,0.3985360237712294,9.003281252519027
2025-08-01,57909.5957173554,1846.7612371192804,86.22807925786664,1.5694748919580372,400.8589829108001,0.38427111087573845,8.524245715278212
2025-08-02,57322.454849387694,1790.7565987848527,83.65050287815784,1.4601463960109982,388.8167005825268,0.37351052632286175,8.261275464270074
2025-08-03,57999.788474503475,1840.4569327725096,85.22700483233825,1.5521647448784124,395.5006151014354,0.38806005175689806,8.57767047008464
2025-08-04,58248.81027018853,1951.2126928822852,88.89131305473018,1.6121882717060707,403.4964930086784,0.40173664302907697,8.973366838895181
2025-08-05,57595.15373733778,1889.3517625363406,85.83735430708052,1.5503096361277944,394.8557057425539,0.3852912790282102,8.570774890738829
2025-08-06,57858.993868099344,1921.253005546025,87.70768090831743,1.5603413972661404,401.4941183517722,0.39250066439899556,8.702308915393951
2025-08-07,58913.99117531317,2035.299816045574,91.24571270477483,1.7253412757021778,409.831964935551,0.414881343890606,9.603660704800317
2025-08-08,58323.781886638324,2078.7225659568276,91.63483509568614,1.7040569224759452,411.32242144121483,0.4161837215522879,10.313678824627587
2025-08-09,58045.52933266269,2203.6468954749403,93.12748418810753,1.668335688081613,413.009043269751,0.4217069904175936,11.334738213929539
2025-08-10,59255.857726023794,2192.211623723644,94.25049143002155,1.6427120707304688,415.2691026419481,0.4195576633396995,11.389481430650676
2025-08-11,58783.675023766984,2171.6443955479317,89.89651605324212,1.610386428568236,414.46532588977925,0.4035668436785247,10.85048077836604
2025-08-12,59309.228892103754,2351.565993133567,98.27300785910208,1.6731714525541481,426.6421017957853,0.43733559435997693,12.04873752386982
2025-08-13,60681.83369332737,2428.964375635293,102.9494440232781,1.6753525026172011,433.5753749608831,0.4696035251299686,12.256871660218273
2025-08-14,58045.50449439181,2315.7281774560565,98.05637436595958,1.5699950658172968,428.16540227540025,0.47828542387191664,11.445716652111654
2025-08-15,57392.073383383206,2253.8770058182085,94.28806451313609,1.5628275097040314,419.9578348172215,0.48639403211826154,11.042504437517415
2025-08-16,57255.94007488791,2240.1368310495786,96.04309479208963,1.5730626849982046,424.8282855034729,0.4733804998209342,11.464538841396882
2025-08-17,57056.31631989697,2257.188509800764,96.46073326137288,1.5587133183776636,432.1362820275066,0.49279786955827415,12.962424636911289
2025-08-18,56294.46794839082,2169.5481381527493,92.09934977296604,1.540180178325509,426.32159125139543,0.4716193340640247,12.959137544684454
2025-08-19,54465.05934889636,2043.1521164416138,88.33370219243282,1.4309584596878435,413.0809557515431,0.43040048054811003,11.796237062063188
2025-08-20,54987.482484809305,2167.569244719865,93.80695740000682,1.4755916226401722,434.6159032228468,0.4473116546560113,13.185815636842769
2025-08-21,53923.51068518818,2105.589537297125,89.88352461831447,1.4211769097936993,418.32530578849423,0.43091181437635306,12.357305148919444
2025-08-22,55883.20195988489,2401.5771052642804,99.7382611759973,1.5289118175709646,446.7647675250793,0.4694833988793437,13.295198864462865
2025-08-23,54991.67825906159,2366.9975362418204,101.06964496339681,1.5096827691810923,436.1448185540537,0.4596574651641479,13.023204603874122
2025-08-24,53907.51240429275,2361.6647923708156,101.71342164869499,1.4951077644430244,432.878738652541,0.4565413595186969,12.75867111409775
2025-08-25,52157.96293577998,2154.2582849048667,92.25869249759775,1.409544094646589,413.89261521801626,0.41918544301853633,11.52539563182097
2025-08-26,52785.43600282042,2259.5124787110462,96.21933345564644,1.479459301174824,424.1745340224601,0.4324528437222156,11.98405129076112
2025-08-27,52345.29718832743,2205.2284906480795,99.36783024277203,1.4526981262050531,418.9942058473214,0.42296377604065377,11.633769887957017
2025-08-28,52800.3633815056,2200.4704493452937,104.67598617669886,1.4485793613484348,426.8783526067468,0.42549194340002366,12.29348388346294
2025-08-29,50700.10829204809,2122.3142273214703,99.89129856228537,1.373593990176104,420.2018083724444,0.40910438042383956,11.40638526046824
2025-08-30,50724.9977152841,2122.7511810937644,98.44684579484596,1.3676493064688975,418.5196443522712,0.40557248718762445,11.403348934644203
2025-08-31,50299.103974119316,2124.068949353744,97.18591322149557,1.3434512799461351,415.04648448790186,0.3989541253308707,11.236727596576973
2025-09-01,50609.75117743503,2081.262205931229,95.08331560571352,1.328358075952636,408.0191102756309,0.3923067948715922,10.844826113442608
2025-09-02,51350.20786437283,2080.2679280090997,100.74933556905971,1.3764000657858333,409.65896289130313,0.4079711618353744,11.293084710310639
2025-09-03,51428.430816515465,2133.985896857616,101.05400484417694,1.3641426280548365,410.1012581917262,0.4077261517774305,11.360643357230172
2025-09-04,50807.146300807835,2055.0967347715305,96.83776290461488,1.3365990204564469,403.39612901125827,0.39358408183042914,10.685477347546893
2025-09-05,50613.29536787803,2052.8703787799764,96.99493218519156,1.3423280822916226,405.1315929210127,0.4026950121170999,10.62492462191777
2025-09-06,50258.89939641363,2031.1595169320676,95.15890188458542,1.3357443154538953,409.5220894944528,0.39541934998086975,10.552144204152125
2025-09-07,50528.58051902536,2039.812498245189,97.82169031300788,1.3638217304335838,417.2219348199954,0.40226149637493974,10.643721427375562
2025-09-08,50778.33394229293,2034.989245072454,101.17449205782171,1.4031181036139506,414.8681781054965,0.41548954069469896,10.888457719628454
2025-09-09,50373.4969726403,2029.3498899349156,102.31455339492086,1.3877125216825346,414.44445858758985,0.4142625094673784,10.858032173282792
2025-09-10,51305.95294593419,2042.10166012549,105.17100069766376,1.4000336994716323,419.5660061065792,0.4224347777978165,11.060957947943425
2025-09-11,51840.36715236424,2088.4564961204014,107.0886203618734,1.4235656327873911,422.7174972613854,0.42572989362090424,11.453743925859156
2025-09-12,51942.2304476539,2200.75637593606,113.09070319806281,1.4504360254727189,431.7414556929286,0.4353436398299807,11.731883844710481
2025-09-13,51710.63380640112,2172.2624044788163,112.88810447825361,1.4525245623296121,434.57519908722776,0.4401060690365349,11.57620399523672
2025-09-14,51305.81150853242,2138.57683386463,111.60434138753962,1.4069097414855138,430.1845334926012,0.41953786180977654,11.195500595296577
2025-09-15,51160.09378965324,2093.8820332608716,108.40215619367801,1.3863135976782208,425.5324866059552,0.4063181524149659,10.909213680147174
2025-09-16,51616.054511767834,2076.885018449228,109.29123135973023,1.401246270950875,440.74092229001957,0.41318922785011797,10.834892089280116
2025-09-17,51287.86890318266,2111.6620914563327,112.58136607796335,1.4184277531307243,455.32788073517236,0.4271363690489517,11.029011956052173
2025-09-18,51419.24870071976,2104.0464359349817,113.518349352358,1.4101801613595766,450.07916011890944,0.43160543681056124,11.29524012600238
2025-09-19,50622.91506461924,2043.3559531023209,109.02642308221935,1.3673746790100763,449.7770390531644,0.41433361277844566,10.738723021673348
2025-09-20,50477.301441689764,2042.4062324229965,109.17362390453806,1.3573855947447875,475.0979383147195,0.4145101629803676,10.637387029505751
2025-09-21,50136.88394960791,2022.2337678209174,107.47596105354006,1.3508163116382013,476.41066657226406,0.4092931598961998,10.447624440623223
2025-09-22,48869.80611033157,1903.6429562539702,99.87122148768727,1.2922366522901738,449.7738050698695,0.38065540246447144,9.810741820822013
2025-09-23,48398.15342091675,1881.0633980592568,96.51072244574597,1.277142607173211,459.26710123625827,0.3712059571586741,9.729154950841318
2025-09-24,48811.13775804633,1870.0103134279896,95.33870606210057,1.3182848777502834,458.71435614555446,0.3726699541534029,9.734235557177929
2025-09-25,46819.50891657432,1736.4172163442356,86.3558520772548,1.2309718161449195,424.51179847005795,0.34854992177035793,9.026281611557659
2025-09-26,46955.466536015556,1806.2020699458803,91.90250429352736,1.2467489924695507,430.04732885089163,0.360925552045153,9.436684694814215
2025-09-27,46793.833808713214,1793.1037674514662,90.83779072981679,1.2527963045285726,432.2687089990966,0.35510221729966834,9.337986822408563
2025-09-28,47683.87439757103,1842.3692549013833,93.74838669618244,1.2752238912426168,441.88443550415417,0.3660491142942002,9.64493538219353
2025-09-29,48498.737105208245,1870.4985949070374,94.49461658828542,1.2785474309929572,457.1600025874111,0.36435868781953634,9.646344449238041
2025-09-30,48199.90142768259,1833.3296011424734,92.3055617395762,1.258904080590936,445.94826883870843,0.3634742707559095,9.431789302205107
2025-10-01,49982.300966228395,1918.2849173894917,97.73075332680425,1.299373259645573,452.4085010134715,0.3816421651069239,9.95591665429223
2025-10-02,50677.71006710522,1972.674420097408,103.23173089013284,1.3359399642085652,479.3995094093037,0.3896027585379547,10.010503263136478
2025-10-03,51181.08400883447,1978.5742857678183,102.10961585898812,1.3326204264068857,521.4641735284061,0.38667398633110117,9.870983919356341
2025-10-04,51085.571917183835,1961.4302039938832,99.61967477693123,1.2973746281782998,502.69985808163744,0.3737955698747219,9.626274332325947
2025-10-05,51376.640563269975,1966.9789490972973,99.5817569296857,1.2940511449955285,507.7194994439331,0.37156030220115754,9.584539578328533
2025-10-06,51727.97261988692,2035.9393435727043,100.98370820589915,1.298894003713809,531.4117417181649,0.38571999406917895,10.151765738167041
2025-10-07,50199.95053013606,1927.3825805735619,95.47068979536195,1.2366571897653915,567.3327730765429,0.36213016660221015,9.463805402713161
2025-10-08,50825.52219733718,1954.6332660598257,98.90540395555931,1.243673429454999,564.0726958774353,0.36899284490361,9.76559377489812
2025-10-09,49987.4295513566,1880.5551146202054,95.11838843423135,1.20728185655148,540.557092868568,0.3577068376771864,9.474475662197353
2025-10-10,46352.8637917565,1649.1427354286168,80.96094962438316,1.0121400673557177,475.00118229422384,0.277595531105343,7.447416656996684
2025-10-11,45224.1506079301,1604.6712591168844,76.17915147318928,1.0208246642222303,486.54227795673853,0.2756248747143429,7.364662623411034
2025-10-12,46855.75918527353,1776.382277005022,84.24943380820244,1.0813140600367184,555.8589658001549,0.3049541288472282,8.125007945184619
2025-10-13,46748.70503709973,1805.526082324457,88.61510784198407,1.1085005994312718,550.0924383999255,0.31609018866349464,8.448222913957133
2025-10-14,45730.740275349875,1749.2129083439709,85.8450586213347,1.0624230499990035,513.4968928290622,0.3023867781893464,8.10425501882458
2025-10-15,44644.96256834688,1685.6551553429179,82.02063510693138,1.0199283648591857,491.51531037831126,0.2881904135483224,7.63611098377403
2025-10-16,43460.49345902416,1641.5330975239606,77.84137143958102,0.981638822785965,482.93422175884314,0.2770958596898523,7.335820647406143
2025-10-17,42635.013234936465,1610.4806647901175,76.49289210609773,0.9640628565293585,450.44988957459344,0.26767326787755746,6.980212554965534
2025-10-18,42791.81030657708,1629.8665639993003,78.62057072723137,0.9889393679574613,457.97791911929664,0.2709973738592976,7.047070980683991
2025-10-19,43240.843505081924,1664.3745267523407,78.44266654454381,0.9985587697885798,463.509561107694,0.2779077682993711,7.215829322912369
2025-10-20,43866.60498786875,1657.7691609773694,79.02078779825494,1.0383727597626686,458.53201997450293,0.281637319298026,7.769819598896907
2025-10-21,42892.793465264695,1609.624346054495,77.08824787229291,1.006552277519937,439.0470479531892,0.27220196146824815,7.319282157153683
2025-10-22,42446.4634525512,1576.3881304883298,74.57307147087307,0.9785305593085322,443.77873434759226,0.263408351008559,7.1229974307962785
2025-10-23,43247.84372868854,1591.436734276006,78.98865375238458,0.9885123299305629,465.3653577006955,0.2705806662308329,7.187861680560939
2025-10-24,43488.756080278545,1618.9874694652556,79.64575281206886,1.0317700786366422,456.3901549111309,0.27526326081823915,7.356437072170155
2025-10-25,43588.566250193195,1621.892883733335,79.60415219217569,1.0651801806087586,458.13783562618545,0.2739431600072943,7.391381867371035
2025-10-26,44552.46462570883,1700.6858415912563,81.81499041675016,1.081908078738008,465.2917163483507,0.2841554575802802,7.5832839881456025
2025-10-27,44274.60692310122,1680.1495236698445,81.04512225955453,1.074378915214312,464.7783776166146,0.27762477666581803,7.428678238492891
2025-10-28,43684.7824950258,1619.0670897707132,79.05454092076772,1.059511205929823,448.505195975186,0.2680630037033104,7.253299725570475
2025-10-29,42428.33183163845,1582.2310917340876,78.80479329708226,1.0344662618977587,448.79062493344594,0.2647517455182263,7.341036928055574
2025-10-30,41621.75707029213,1537.4908730291274,74.61365999075228,0.9859803946896656,435.90738394540574,0.247877051913553,6.791427511929195
2025-10-31,41969.25521657911,1550.0923390662215,75.4317417511523,1.0108361487714292,438.76949542231097,0.25045748562221426,6.946478963187244
2025-11-01,42030.497682816625,1556.3387215466503,74.87259024139273,1.006378417920151,439.7396966221782,0.25096887855309596,6.878128332256279
2025-11-02,42116.72645049191,1566.445850277461,75.22742520274595,1.0129445702147017,434.30415390970774,0.24966237132931843,7.0486825443447305
2025-11-03,40430.76944788052,1438.462421717963,66.32281887703651,0.9221735737087612,396.33613613428656,0.22509368541081476,6.086730803178056
2025-11-04,38427.89356715525,1310.8421198910519,61.869227291805664,0.8800920807891794,373.3947369384942,0.21191140086695257,5.86209351105754
2025-11-05,39174.14588805036,1359.5468410353678,64.52704944794516,0.9308858558356143,381.0315931624371,0.22127756898657178,6.0135820576137835
2025-11-06,38076.570153609166,1310.7900872296286,61.365654380383546,0.8749191423993269,375.62787556420864,0.21450395047949075,5.823956434418632
2025-11-07,38732.203882836686,1355.4107658112368,63.80256070375197,0.9130615860559946,390.8261121765071,0.2320130054305121,6.221727263090459
2025-11-08,38202.521328271905,1337.612096643055,62.193072000552185,0.898813289088825,389.52571543290804,0.22828598108405024,6.1033053992710515
2025-11-09,38989.278178215085,1405.0807153175633,64.49772398198252,0.9285796074466182,390.8521090957041,0.2317065829116109,6.246844395677053
2025-11-10,39339.94018492103,1395.3344270969492,65.44362154771731,0.9878558696838693,387.8591017997766,0.23675136488326048,6.390891686805859
2025-11-11,38105.97444241782,1331.4387611246284,60.258055010044366,0.932407331006725,373.57737207903773,0.22155054716026373,5.964002163654373
2025-11-12,37493.41306854117,1326.6000039824014,59.569823625786434,0.9277376722574161,370.4157114457252,0.21642944945034487,5.885271230840012
2025-11-13,36652.21475554781,1252.7427634400408,56.231751143283255,0.9033523846764284,359.6322495459191,0.21019700887756076,5.6517370410606524
2025-11-14,34594.140520214714,1199.1614754932627,53.57832710855718,0.8669725187856279,353.6338312692234,0.1966796825630044,5.331722052283416
2025-11-15,34905.37254324399,1219.777367582434,53.748562029103404,0.8610103649591454,359.08151598390873,0.19806299523194326,5.439347013915394
2025-11-16,34295.36292354359,1187.7872936824774,52.71598316341005,0.8512738120643352,356.10716385162,0.19020376493491334,5.2775110189538985
2025-11-17,33430.715526135085,1158.074396905376,50.10087042391312,0.8278519165262601,347.0856705974277,0.18209238739999437,5.094800033938478
2025-11-18,33634.40867954089,1192.1845198864892,53.71714394762185,0.8461318581701993,355.9713447544655,0.185243780654583,5.2661592659959915
2025-11-19,32993.169871262995,1150.5880232111656,52.05383132071457,0.8021645193512321,340.8750097193791,0.18013558490551554,5.146199881737802
2025-11-20,31150.63893711933,1074.5528670203266,50.664726596761135,0.7584643509669984,328.74484759662624,0.16765061098050257,4.904580113215258
2025-11-21,30499.72293608028,1046.3348984614156,48.61503391702021,0.7378874336935463,314.0400602425623,0.1581706464252481,4.585070986491672
2025-11-22,30245.24737153782,1043.9203571958922,48.11133765471725,0.7354311758990126,314.3336530289553,0.1559577896724847,4.59154286201898
2025-11-23,30917.766316053836,1053.6052123333236,49.1532690668594,0.7695234320697836,317.10520005689733,0.15701560853101929,4.704202697085737
2025-11-24,31340.35836170608,1107.0784706361028,51.880398252960674,0.8345617390274855,324.10258420185386,0.163948761306029,4.860773584357115
2025-11-25,30912.589492879426,1105.714599394863,51.91929471229897,0.8218440144688874,322.26706307381346,0.1610901246391471,4.884103262509075
2025-11-26,31935.538496183217,1128.4446293125568,53.29965635490104,0.8289756185112661,332.35031845056005,0.1659536020299308,5.014809482489584
2025-11-27,32104.319616359095,1120.1336291210023,52.335241123136946,0.8177749077254955,332.7691524668094,0.16473176344869306,4.96005214975775
2025-11-28,31874.46615083738,1123.3585155161475,50.89807157500068,0.8078508095962438,328.8408530337871,0.15915383675531017,4.867869985429088
2025-11-29,31750.097932930796,1104.9906517874642,50.26231141118315,0.8138259042360624,322.7007698600457,0.15685696611725172,4.802682868216406
2025-11-30,31490.356326574667,1101.8379796291836,49.1849114246337,0.7957707463943007,323.1654601618195,0.15658653291589175,4.780403806768967
2025-12-01,29976.4731564222,1028.0737465491163,46.52051027313781,0.7456394629595676,303.77727201783165,0.14480135166503402,4.437087707531312
2025-12-02,31622.44562639874,1097.3797416500558,50.76095040783716,0.7890173028633938,321.03383474708187,0.16243776553134906,4.945443927239253
2025-12-03,32273.897236675126,1164.7582044180756,52.880438464444445,0.8035815008876461,336.3923127491252,0.1682487856118598,5.360236808343343
2025-12-04,31695.0376902975,1140.4365162140664,50.58112251756452,0.7630667527229037,327.49349957924653,0.16353052816282723,5.1863958808940716
2025-12-05,30650.543731740257,1097.1584278419857,48.36491918952859,0.7391725144327503,320.76338324627085,0.15444990842431655,4.936185527454422
2025-12-06,30514.198183849167,1099.5773254778458,47.86756882175476,0.7351546294008053,322.0908614667374,0.15313185116952757,5.036757741991869
2025-12-07,30803.85963887932,1103.8899242101375,47.632271851582,0.7368469401871933,322.3799097882404,0.15374563604441036,4.9195663798980265
2025-12-08,30786.138020240305,1123.5548594995792,47.91549261266524,0.7453122582131453,322.70192471061677,0.15895215772291318,4.942747370759904
2025-12-09,31383.398735915733,1190.4133109867207,49.42915683865924,0.7557392851172081,322.1676746777205,0.17235276656599252,5.167705044892942
2025-12-10,31057.786531755086,1188.3752066336256,48.769136465084124,0.7302182319913975,319.71606014432103,0.16595946915454282,5.045519905726545
2025-12-11,31124.579801863347,1153.3428457039493,48.58832467068126,0.7252385662298387,315.73555070400823,0.15506301208378484,5.010431923737231
2025-12-12,30274.620862313306,1095.5794734823437,47.005080436906184,0.7137013147190174,313.26264124117426,0.14871700559645026,4.847149839210522
2025-12-13,30188.362979661273,1103.8159762336422,47.191229223674306,0.7168223566103193,317.83571781712425,0.14897798546429042,4.867195063458362
2025-12-14,29385.230396139552,1080.7002948567022,45.71995620300984,0.6988890285078656,309.9548434035642,0.14331159076695332,4.693562535006595
2025-12-15,28709.170440119313,1043.5219496946295,44.97608695348753,0.6684158637832665,302.24538430068463,0.1398317400317272,4.528905309836411
2025-12-16,29090.034821306952,1040.395303785621,45.36576926893245,0.6774346678272831,307.08006321485334,0.1385728945664311,4.539737708981034
2025-12-17,28436.802525049054,990.8149901700285,43.08426721655629,0.6515273930266583,294.9730883707611,0.1312806340006187,4.283273677777019
2025-12-18,28122.719552354738,986.3347473747917,41.71677172218564,0.6307144463825308,289.33447015920325,0.12551136279767386,4.163566553198548
2025-12-19,28900.07710061023,1035.8704590009188,43.895442193679976,0.6634756515071684,297.73509067756515,0.13411933477486523,4.358917287715558
2025-12-20,28887.383751474084,1032.6328813658006,43.63088067503368,0.6701603270305336,296.02577005333586,0.13247135424176404,4.352721261718347
2025-12-21,28886.585355670366,1037.8487562263517,43.56327379100021,0.6645617615079253,296.62685793600235,0.12953297746897896,4.298558411120764
2025-12-22,28752.452305438597,1036.2773483765868,43.36718862217661,0.6559357390056884,295.7273487391069,0.1308888326037064,4.336050102488116
2025-12-23,28313.02991086319,1018.497489678099,42.56913317588563,0.6436782661454363,290.0002057576491,0.12770569907553297,4.25765002086859
2025-12-24,28287.429791765844,1009.3527988117498,41.962360479049195,0.6377594294119416,289.98413651005535,0.12507172175991327,4.2038744060967215
2025-12-25,28076.586390608394,991.9766772056066,40.97864119699967,0.6258270240375904,283.3639213304231,0.12008822236394043,4.11879881432941
2025-12-26,28009.21340129441,996.5553026828546,41.621877537399115,0.6277427526137367,284.12523260114347,0.12195735692511496,4.147714205137409
2025-12-27,28080.79972523727,1001.1270292378332,42.32980551734944,0.6360125128106057,286.80693085566185,0.12854311949153693,4.244136031052457
2025-12-28,28002.755187498176,998.3210788158068,42.38978085062753,0.6312317669678267,290.7807644317276,0.12780590953375492,4.224512138023569
2025-12-29,27692.492548768794,990.5946523950256,41.56265128832485,0.6237251890649707,287.33032296911335,0.12204142507396532,4.148730124956183
2025-12-30,28014.235185907724,1000.0388593763623,42.0459954079957,0.6312029051650382,289.6218284034715,0.12106402569757888,4.178089569553149
2025-12-31,27634.721694276228,995.5738376290047,41.770107055267495,0.6173932393646523,289.6614685899854,0.11442259307595105,4.089621990042739
2026-01-01,27932.39374550925,1003.7507255004181,42.406616484652425,0.6282439731855017,288.7259555127262,0.12210231793198416,4.210568602034526
2026-01-02,28224.62954609945,1042.1120805891042,44.07153190416781,0.6690151505126589,293.7945577669992,0.1345769971432375,4.423788395735062
2026-01-03,28341.374342515697,1039.4875318255206,44.326859521489915,0.670865233752807,292.1813435220716,0.13268920103897366,4.399969401505493
2026-01-04,28504.436766147723,1041.2782365232586,44.39337995438723,0.6929302484373123,296.5259811748935,0.13594159373995476,4.4422551029059445
2026-01-05,29181.781195246615,1066.394563099714,45.61246513616306,0.7763928145845255,301.0603034273083,0.14292309091027827,4.60055186635498
2026-01-06,29041.94912983113,1086.2087957005235,46.500248437427686,0.7602598896421435,302.37274043372514,0.141745117729563,4.627565669076508
2026-01-07,28202.360287595253,1040.5355229316147,44.7886092780885,0.7120560834107178,295.52214685158265,0.13535646455131173,4.412368901506866
2026-01-08,28026.697527497687,1016.9570100564887,45.30320166439282,0.6951725144340166,292.12739732496175,0.13286284105243518,4.329199814348601
2026-01-09,27780.322385477455,1006.9424199628912,44.33888489079519,0.683142980869398,292.4658388122808,0.13081895291430315,4.284406930017698
2026-01-10,27653.80216164261,1003.7140955940138,44.196497870099336,0.6799168703210999,295.0554949280112,0.12950601121268793,4.275209738312388
2026-01-11,27700.810511714335,1012.5537930882368,45.285923069290995,0.6723763457638167,293.08027250553306,0.12991458600919117,4.277028504366106
2026-01-12,27724.35828944218,1000.923724694213,45.03559600819025,0.6643677257263111,293.0655616693819,0.12808036079035084,4.230096119533583
2026-01-13,28887.963075427757,1072.074703341884,46.90946238425711,0.6982801151075387,304.1416558845849,0.1394576413381863,4.531553327731794
2026-01-14,29282.267760536746,1079.3608940538745,47.216791927493254,0.6884484842038808,305.3698089213623,0.13678171705262088,4.541219616721126
2026-01-15,28774.668438594075,1064.059493901929,45.657389684985,0.66662207038494,298.6070844085405,0.12945094279106814,4.421725984661509
2026-01-16,28675.866679315855,1053.9578864960706,46.329134977092565,0.6614554553546081,299.8405224992563,0.12974488587874602,4.3903125597513135
2026-01-17,28457.966758907693,1055.06777437704,45.82851360929013,0.65761029772049,301.9755764296438,0.12973640462108935,4.379672530229205
2026-01-18,27930.84092254811,1043.0992419403822,43.869552447050275,0.6334776471520509,296.47625479849245,0.12251567360853574,4.237661044210339
2026-01-19,27521.142715469206,1010.0109144374181,42.26217604448062,0.629590555535595,292.38809629919655,0.12034638280647747,4.081551257873739
2026-01-20,26176.54062250093,927.6635254848557,39.72352861324768,0.597115725486511,279.5611029918921,0.1136081472297046,3.8279728575846748
2026-01-21,26408.773240606737,938.52525050596,40.7618524117441,0.6129626962370283,278.05664057188517,0.11821107274575743,3.9023638454357017
2026-01-22,26350.458778081604,926.5204675950652,40.29713716517666,0.6036242894146043,278.61023851456895,0.11567317689775866,3.845524275419691
2026-01-23,26279.309549808786,924.8797112887397,39.88618913358696,0.6011452914317165,278.9638591929432,0.11572063411336325,3.8235173720228026
2026-01-24,26081.1579538236,920.6992949537257,39.67061584082916,0.5973456635216504,276.6960658899721,0.11476136143251217,3.807141270720985
2026-01-25,25258.068042372386,876.5888230932665,36.97392409504673,0.5706199835973466,269.1889517795243,0.10820881850697338,3.5816675337659287
2026-01-26,25671.152868561614,908.2755175339342,38.52886665443796,0.5907825355977382,272.73324474051697,0.11212625324867877,3.7066957544246275
2026-01-27,25832.193261302902,935.1845981942054,39.31548433384936,0.5922427390133611,277.7711393620268,0.11443589310450258,3.7243597924466356
2026-01-28,25774.218586728457,927.5694030035269,38.60033130408268,0.5888616525223389,278.0754260135226,0.11333276447677866,3.650494048093968
2026-01-29,24360.917261845643,866.8493948123381,36.17390734619314,0.5552130428285972,266.7073981838688,0.10546413553756687,3.413729649758403
2026-01-30,24159.570182857693,828.7233509922518,35.99111174763559,0.5312740791266796,262.8910723255599,0.1008562682506336,3.3026688512896114
2026-01-31,22506.563921840658,747.5774754181714,32.23838176697244,0.5030964646416417,238.63017179848737,0.09212970186754096,3.047864072700531
2026-02-01,21965.509819792638,691.344438734393,30.742297318593415,0.48508927540977687,231.20080771824365,0.08952372393532601,2.8686639857180243
2026-02-02,22383.71597747621,712.4903088159149,31.750579842618098,0.49251211546254203,235.40796339495174,0.09327720544709323,2.9804481566127006
2026-02-03,21446.610047926166,674.9654965291181,29.56252721918899,0.47699300483000523,228.33932188852287,0.09047990618932064,2.8637139540423657
2026-02-04,20639.9663555668,647.5507845944858,27.801974783508292,0.45631351555878064,210.82344400718046,0.08882282538117772,2.7948631346281707
2026-02-05,17667.525481364217,548.6804073054329,23.54959716666109,0.3655055023552969,182.68719469667207,0.07575128208679682,2.3815970853265784
2026-02-06,19817.487413767212,619.6185633936617,26.264970778953455,0.44188657409740406,197.4184087357564,0.08519831607576084,2.6664278907216223
2026-02-07,19398.285408194813,625.8946969661828,26.23870452386604,0.4263959328423549,193.81179129743774,0.08375895518262934,2.66857265951018
2026-02-08,19611.24743476269,623.4866008803648,25.9822847573342,0.4275009739856056,191.11291757900239,0.08286909345144218,2.6364433946307027
2026-02-09,19509.19451968544,626.0248408876317,25.80257878453621,0.4273902423906091,189.26099137411583,0.08245669559970382,2.627772804829815
2026-02-10,19079.528691571555,599.2051132576569,24.6018537210558,0.415241813288747,183.8327162780411,0.07976494663031612,2.540223244810216
2026-02-11,18521.015792784507,574.0769680690082,23.445088649167143,0.40468904248233045,179.6188375394345,0.07767182306042389,2.4587444537277223
2026-02-12,18250.218292592333,574.2211118073393,23.10770437074197,0.40172221980673095,181.00488710149816,0.08007234467026202,2.478240751085951
2026-02-13,18916.681349637474,602.3727532170859,24.795178303878426,0.41386674068698376,182.0426033103772,0.08239649787307952,2.5783273761394216
2026-02-14,19106.018885120197,611.5570934854564,25.84618013925764,0.4426819916166334,185.6783056078919,0.08895612937423374,2.6644685889857542
2026-02-15,18778.239077660026,574.6597671672668,25.138651330836886,0.43108974625943414,179.65412550332903,0.08464448653177613,2.566875665262707
2026-02-16,18733.826984359563,582.2272174236136,25.186819094315087,0.43324326470812996,182.59335621861993,0.08550804532001186,2.601053372314742
2026-02-17,18308.680275749113,578.8202565198204,24.753660311360992,0.42837933680174484,179.42899993243546,0.08390656692145108,2.5656690074272452
2026-02-18,17961.75868610296,566.015004997666,23.627803431894556,0.4118022313797298,175.11467530958018,0.08146303559313696,2.4908771937532896
2026-02-19,18048.425296767004,562.6522067173405,23.795667116095938,0.40617103805691485,175.35142488057343,0.08091596124096283,2.4749218700205793
2026-02-20,18272.930713745318,566.9620803831912,24.369910130162936,0.4115867750130881,180.15412017037212,0.08433774611345751,2.5745966355911447
2026-02-21,18214.714330698218,566.6172726269618,24.462274828723093,0.41100005251786786,179.68180425421352,0.08264889777162919,2.548112196061304
2026-02-22,18065.176898462054,560.3601436043234,23.696304028068344,0.39872459665121984,175.85451777958158,0.07986535487002186,2.4822778683287035
2026-02-23,17198.23594255898,529.4882603687893,22.187769985159548,0.3857071290381395,170.03670403163002,0.07695216761827849,2.3585746278652056
2026-02-24,17001.467093921863,527.1814290113018,22.48638575039685,0.38376879558938304,166.18289894614475,0.0757036690891247,2.3338339539088073
2026-02-25,17973.9077375937,582.8034852147463,24.93761496399013,0.406687820279391,178.43898498107126,0.08654176295824968,2.625585675644794
2026-02-26,17783.585317137302,573.1857434427085,24.295471565054946,0.396496760726238,177.01097142999572,0.08346728843714853,2.5730840274063174
2026-02-27,17314.23242089055,544.3921984827693,23.106810985560536,0.3823116942280989,173.11313207952594,0.0805104155097731,2.4555022118942795
2026-02-28,17551.34907114292,552.400453558277,23.71639581214002,0.38715640958845104,173.5157362544903,0.08142976348864982,2.4860841401767972
2026-03-01,17167.396337342874,543.4632180779976,23.424354103692856,0.378849799406192,173.23722001044237,0.0788747226144073,2.430604022921724
2026-03-02,17903.914127111482,566.481717411818,24.208368219777217,0.3886823233645742,178.06446807480188,0.07958110738884731,2.500487130131508
2026-03-03,17722.17653980087,552.3873889283216,24.24317496777759,0.37904460630526743,176.58145142388238,0.07534881063589756,2.455072090725326
2026-03-04,18808.712833568217,590.6568604907355,25.230071600671682,0.3972570543006137,182.71479342658873,0.07890440469848155,2.5966240396933493
2026-03-05,18267.18645256627,573.6842594978335,24.56099570512115,0.3885434963167791,179.34532630394332,0.0766470586619943,2.546866324121814
2026-03-06,17514.216655070562,546.3289288256873,23.380461910091174,0.3764790147031413,173.18883829590678,0.07359454178028509,2.427912116310118
2026-03-07,17237.483086823082,542.1335424227296,22.897011220515132,0.3733836270162499,170.6861316136955,0.07214276855456254,2.393473337029875
2026-03-08,16850.215465637117,531.4938267085034,22.40155867770322,0.36814241292578415,167.9717497337918,0.07039975064134074,2.3392248411532286
2026-03-09,17416.319351926402,545.3159369190414,23.240584040018643,0.37263280610028543,173.61459379266333,0.07181116999679095,2.4243157246791482
2026-03-10,17748.199192816654,555.7355557474597,23.41705107585403,0.3782229300289724,175.10751238893624,0.07357144606793481,2.450622453120196
2026-03-11,17762.411855410075,558.0018138582432,23.544560374798184,0.37666891114274426,177.19381582869087,0.07350293721854198,2.446669978551517
2026-03-12,17779.034977059706,562.1776071110897,23.556158888354656,0.37547878986828137,176.8411037901315,0.07347215978857456,2.4564172631589374
2026-03-13,17842.194816740037,565.7459564094871,23.833144276988527,0.37820910287290693,177.32440128144145,0.07395168012374283,2.4570403556244167
2026-03-14,17847.525502316275,565.2704903021129,23.739486194291498,0.3793298815903836,177.31875304198394,0.07311065968626927,2.4694839200756933
2026-03-15,18184.642196699904,585.1813698176362,24.79202549530461,0.38901910296973063,181.05242811669171,0.07466826375164123,2.548254661064288
2026-03-16,18642.94036926798,629.9691930681646,25.78198371272908,0.4135795912181533,182.02490535808747,0.08011451754417195,2.6598431649313916
2026-03-17,18350.99133449302,619.2339128257694,25.29930809805292,0.40565669894610945,178.65499964462435,0.07951757081155499,2.6166399813512258
2026-03-18,17630.54229673128,586.9150974896893,23.987662164319442,0.3898756851229422,173.6662188413997,0.07520554125044898,2.457162348464058
2026-03-19,17246.02924191013,567.5657287365873,23.611003949888406,0.38431821632668123,169.74900686908725,0.07311604242618092,2.4024042146289433
2026-03-20,17341.45179563068,568.2676501553634,23.788001967200422,0.38267405857815534,170.01282140035286,0.07256457991948456,2.412655008730044
2026-03-21,16842.69313296828,548.139891478059,23.08638259456007,0.371264106945969,166.32307975618403,0.0700818462260352,2.3247061790438077
2026-03-22,16577.761591276176,540.2764552363099,22.66537925793258,0.36444329564487576,164.89525967779528,0.06793183461336509,2.285587841551549
2026-03-23,17273.035784378128,564.6582952560625,23.986925233034707,0.37568165701357403,167.5328272207416,0.07070765061712911,2.3882766558971453
2026-03-24,17122.031091607583,563.8976659533561,23.75768924471029,0.37025220341059617,166.9566929346784,0.07173699733608538,2.418743017764625
2026-03-25,17259.595678257498,565.4208223793945,23.917538805196383,0.3688337985739917,168.8234196130792,0.07263341177387729,2.4449237039578415
2026-03-26,16597.44345131789,535.5298152061837,22.47707754079296,0.3536556794429166,163.55066411507488,0.06825906375891015,2.317942254672496
2026-03-27,15954.940622988703,516.2178652082647,21.52182295809686,0.34349697346747854,158.99008666611422,0.06572169490693894,2.2200868991776908
2026-03-28,15900.01813747872,515.03922465721,21.198056412542687,0.3444804343333952,157.844103476669,0.06543197389984089,2.1783726488307056
2026-03-29,15762.570492517552,510.8847684433937,20.981695965868816,0.34202505485836154,156.07638484634919,0.06362112755162466,2.1659475594640787
2026-03-30,15888.199891503258,519.8765211757321,21.181325603454564,0.33979479508649474,156.3480912144168,0.0643965122700853,2.21223901739657
2026-03-31,16204.131360966316,539.1167427686446,21.287551034518398,0.3433046086699758,158.0558975191474,0.06377727943761724,2.248350312774865
2026-04-01,16116.263559315272,546.1921162832151,20.735700154513683,0.34419340281734034,155.9413108976377,0.06530025543469904,2.2825419969907803
2026-04-02,15784.494622608274,523.7069120578477,20.102243382316974,0.3357594122262123,148.47578443925326,0.06282545400585553,2.1969414528279954
2026-04-03,15744.59432245612,521.2579649798116,20.401794749826532,0.3345546126345676,149.29094660171359,0.06442365674638716,2.1979077561844607
2026-04-04,15779.095061068952,522.7251180998414,20.451999946289263,0.3329620066215799,150.15568936924842,0.06469969128556015,2.200108256093934
2026-04-05,16124.56892021171,532.1721870123887,20.654705970583787,0.33446825644894757,151.7881337470776,0.065154898680176,2.223476903437277
2026-04-06,16045.144737341245,530.2675819773252,20.16441680637749,0.33239086594160294,151.04417629723923,0.06383897955855289,2.2151823459794735
2026-04-07,16710.02566739662,562.3010348965907,21.48265775017003,0.34651215595650303,155.73687976725626,0.06823067734059447,2.3315643079121444
2026-04-08,16467.946009568746,547.745073429609,20.651501993791737,0.3356920535207381,150.33730724824755,0.06465728984176969,2.2157700719386386
2026-04-09,16564.628897898863,545.8072538261875,20.768165132903725,0.3351280334819229,150.29967139801698,0.06526684425509073,2.2296517003110847
2026-04-10,16790.932986033662,558.0937873163223,21.086463361442554,0.3372219355996791,150.63594811105523,0.06518873824222518,2.259025650284309
2026-04-11,16755.09911395082,566.3951768667239,21.053111261691694,0.3359250317093601,150.53165949960407,0.06382289551343925,2.247708243705229
2026-04-12,16176.086562795099,541.672415541728,20.14659372071246,0.32739462413358406,146.33055545060813,0.060222761627979036,2.1588697818268034
2026-04-13,16975.304385610914,584.0267639653404,21.347886729140107,0.3391423316284308,151.51818176871797,0.06317255302369115,2.30654296904717
2026-04-14,16852.790769114577,570.6337393978351,20.576099615636785,0.3344820351338648,150.81524789764387,0.06073076782823149,2.2161087753739532
2026-04-15,16940.701604230642,577.7714153073257,20.794775951326365,0.3407869814223314,152.47630490517153,0.06212919435592228,2.2679297249914008
2026-04-16,16965.488004654224,573.4059060303276,21.727338437595034,0.3546510902867983,155.173411651821,0.06530724744409645,2.3390961301814275
2026-04-17,17356.23474456088,589.3178044733697,21.633032852437637,0.3595316090511921,156.62345245974086,0.06502026380698965,2.3428685796344753
2026-04-18,16987.158586834004,570.5716950425558,20.919916559549545,0.3481728924078735,152.96842259605415,0.06248694277145202,2.2552189984745428
2026-04-19,16515.324017002546,548.0099201264727,20.22289943852256,0.33744444556742614,149.17170453472957,0.06055996309481755,2.1947054092405125
2026-04-20,16912.527319072677,558.5011696536582,20.584960065832238,0.34372315099579454,151.79590354056324,0.061817678611309615,2.2413028240416337
2026-04-21,16965.76838622377,559.8965974847507,20.69081435084746,0.34436604037954777,151.9513651467674,0.061974723084177945,2.260352610900687
2026-04-22,17321.975843571825,569.7574668650278,20.84137347235789,0.34290357209428896,152.9683936500425,0.0615233996326626,2.2297249360628864
2026-04-23,17281.7496743314,557.3944092386491,20.593720179265322,0.3440361678561534,152.70011575777374,0.06170080133446704,2.2367106451853753
2026-04-24,17048.027203309714,551.9530886808379,20.553678946165153,0.3417218346998811,151.6889341909147,0.06162809997399291,2.235145312496339
2026-04-25,17028.50870942211,551.0456414970321,20.472931904329755,0.3384508494888616,149.39387214547497,0.06140392170555978,2.221021420566721
2026-04-26,17203.338791376915,561.4545815795246,20.6056978425699,0.33917984208114904,150.71246016680948,0.061727520072962776,2.2494107720194387
2026-04-27,16867.502123029055,544.0252569575107,20.03549148626464,0.3309192624143781,148.10026268675276,0.06052788184996021,2.201777565870884
2026-04-28,16593.374650050762,539.1822546799748,19.792057520361276,0.3251610200843581,147.03177177644196,0.06002324318595248,2.176028220604194
2026-04-29,16416.441654294977,529.113235479222,19.49512236413666,0.32150717472408535,144.9521023400184,0.059292619040434064,2.1409956654393065
2026-04-30,16478.60532770899,528.1920576482943,19.43599592756726,0.3201175666131805,143.98811130513712,0.05952102633476077,2.131346197445118
2026-05-01,16830.07956825115,535.6757164372578,19.54109609360505,0.3231883292858007,143.6184920837417,0.059814122154178404,2.122236596269298
2026-05-02,16879.49895223246,538.989978362982,19.611269604496616,0.3241881586415802,143.76923990958912,0.06011075689813998,2.1348825367328277
2026-05-03,16800.670598223893,538.6291375032177,19.465049796583525,0.3219238631903818,143.2584730665965,0.05977963179438447,2.1185468787987665
2026-05-04,17022.564923883852,542.7431715402835,19.450756757983445,0.3219728907935094,144.02675917914493,0.0597142170642831,2.1634850307309716
2026-05-05,17202.387623609957,544.5271925250388,19.90661221317011,0.3258951897919026,145.37849257388416,0.06245655014226428,2.2521960731463913
2026-05-06,17254.047797922303,540.5092908769939,20.496711867702626,0.32757944849960136,148.89370417220405,0.06336044784651221,2.2979242970537452
2026-05-07,16900.077300026795,525.2060577579304,20.265624958427516,0.31798001974670587,146.02884182470694,0.062206091124183335,2.2583724500198734
2026-05-08,16883.86587725736,527.2586335658665,21.01513745990601,0.3241491284317352,148.33112495953813,0.06453603263220421,2.360970081649579
2026-05-09,16930.729162536845,530.1807386521615,21.224643853579813,0.32359330790237373,148.05269067869602,0.06376513559377579,2.3634048548666673
2026-05-10,17185.71894029944,538.2061978645131,21.90655938779757,0.3345965295422693,150.77296643196345,0.06632822125120108,2.4337031029747136
2026-05-11,17045.739552395185,529.870705911479,22.050037080753473,0.33450229392158104,151.75059602354824,0.06567346265369545,2.399473313970166
2026-05-12,16731.79628792216,513.6687692110233,21.291642473419625,0.3243058504492559,150.0692394580218,0.06323563903597605,2.3223320943614927
2026-05-13,16430.11930786532,508.28745028190724,20.50765681574015,0.32113807451128884,151.16009163977682,0.061594679255803586,2.299115212587442
2026-05-14,16744.6979965218,512.0082019055336,20.68489811006255,0.33314278639256895,152.17914797406345,0.06269054866046368,2.350924966561761
2026-05-15,16282.847104254743,497.58223383807206,19.963089137937093,0.32086978557604967,150.4188887397025,0.06050070537968312,2.2528167292640426
2026-05-16,16039.576050601083,486.3684023846339,19.308899481088,0.31551408706518214,146.4215955533981,0.05883622063998881,2.168809682299203
2026-05-17,15845.189106784832,473.31973714037815,18.94772561303027,0.31165627238929366,144.33189195789387,0.05793588044069108,2.125429244487811
2026-05-18,15698.15842256035,472.0950561660058,18.918458520491022,0.30811793463160836,142.6269020369403,0.05764646959257,2.1276451700564922
2026-05-19,15607.192424905857,466.5784166006109,18.62113243676728,0.30086796194699506,141.40221964487557,0.05676187685199307,2.0896374909961657
2026-05-20,15701.133842259876,468.9330510749824,18.969545743971157,0.30102077270075867,143.04427688515128,0.05677277502429114,2.1213328280804533
2026-05-21,15667.93998766193,468.5015049396119,19.157647048617548,0.3015959533189836,144.49087811121157,0.056892015051033126,2.1410591223627162
2026-05-22,15205.292806246905,452.4646710408225,18.475877731743385,0.2922808949453065,142.33095331073338,0.054949658114032116,2.0633722022882983
2026-05-23,15395.17909350076,462.3211744838442,18.715803813222784,0.2966033218541413,143.26815629018034,0.05556910276276711,2.088445409650409
2026-05-24,15408.103853534647,457.0244450587254,18.570690092927276,0.29408956058044516,142.92365039766642,0.054561979855973795,2.0540018988382975
2026-05-25,15419.006653923803,458.5606105121897,18.463112913235555,0.2930678725770007,143.843285655286,0.05470144305231477,2.0627869781797954
2026-05-26,15081.031146511254,448.41465235746847,18.099462309535294,0.28748596871263005,141.95999844484987,0.05372129251649035,2.029989253375854
2026-05-27,14739.718092914436,436.56638016210667,17.782210379522333,0.2819810720258105,139.92917587783802,0.052952135794151076,1.9706416063893393
2026-05-28,14533.397719801682,432.10633947978585,17.646571626803,0.2827239996672016,137.2143787739513,0.05220773263217569,1.934658393913222
2026-05-29,14455.132263578482,431.76171613432206,17.582350472512076,0.28505310319147925,137.83202032179227,0.05165133089421763,1.9346300695811074
2026-05-30,14484.511388866295,432.0686822612436,17.661222149441965,0.2863411229553269,153.60391858399274,0.052129512926470105,1.9609162837364271
2026-05-31,14404.428143219573,427.54984718361277,17.55520473340759,0.2839865739329494,151.14942770371368,0.05194260510059101,1.9468321166831752
2026-06-01,13917.869865410616,426.03084920724393,17.24501143999726,0.27538565644639357,147.1974602925476,0.05074821503675771,1.9221277054771058
2026-06-02,12975.89105034527,393.9024230040375,15.720943090110417,0.25654086852739755,137.91446461673732,0.046649084987507375,1.7731371478398523
2026-06-03,12413.371174156182,383.00143590546395,15.138905867858904,0.253733871210852,131.08943892593197,0.04386484184403319,1.7620216321953546
2026-06-04,12332.990969010716,372.96994103330525,14.48371103822322,0.24589117622990594,127.20546131747106,0.03919718455170881,1.686312873788079
2026-06-05,11739.258532406924,332.195885999907,13.340896625635002,0.23040075834586143,120.22029050641949,0.03407440764526421,1.5446512059215205
2026-06-06,11691.529734600494,328.667199065996,13.029174882906291,0.22908668801938592,120.36380944408623,0.03411060829958162,1.549926537160243
2026-06-07,12108.763113890947,352.2528102980731,13.850900217914896,0.2411823900531643,126.08543296679115,0.035679914455315286,1.6498277218291553
2026-06-08,12042.053248315236,351.97906842379916,13.910271369594122,0.24328008058961595,125.29098260669396,0.03673146417840704,1.6634309735689363
2026-06-09,11728.702225494057,340.03622879171013,13.488040340555816,0.2361270674363215,123.09328803305517,0.035534203619366676,1.6272009449637663
2026-06-10,11654.731869227266,335.3807393131235,13.074794413541046,0.22713634420337184,121.34240960589882,0.03446540736787929,1.5655955963489059
2026-06-11,12017.143658181509,345.1377546714995,13.791224178850849,0.23560902449871166,124.87299216159549,0.03640985877960261,1.6268076634405435
2026-06-12,11975.784395671602,342.63206026421847,13.734946699511035,0.2329428997738451,124.18308431609522,0.03619750197427336,1.6164598406793955
2026-06-13,12102.89523633361,344.7008026622613,14.1294481847385,0.23593500945459037,125.04963600446378,0.03649757415259283,1.6365903660251455
2026-06-14,12306.043926114366,352.7494810404949,14.556210693838791,0.2425474651075449,126.01317471703298,0.03872855911001955,1.6703051457155678
2026-06-15,12375.245916228117,366.03855700523104,15.086280527714514,0.2525033318742158,125.90813355746005,0.0377221271861073,1.6916078894544329
2026-06-16,12207.926593336737,364.0143640326111,14.926106042541488,0.24722850024870852,122.87248340539735,0.03626142834082664,1.6803036159561968
2026-06-17,11950.024676205574,354.30639079656993,14.580822103094954,0.24022352163875868,121.8177625953612,0.034988113676429164,1.637306432086497
2026-06-18,11630.799981630045,345.49417188069225,14.07141135161376,0.23148808213895367,116.81591471844719,0.03422326996006777,1.6171238703535453
2026-06-19,11712.806136811623,344.75120096240005,14.04822260814827,0.2289735693960076,117.10050362398336,0.03384449630247716,1.6002292005896472
2026-06-20,11804.187671950027,349.40748241358506,14.69962173259564,0.23083254964748814,118.04549314290722,0.03394980148875136,1.6024744739205496
2026-06-21,11583.304150932261,341.40667340625066,14.50447307166944,0.2252073905847512,116.91832709435072,0.03251316959800902,1.5573048165404992
2026-06-22,11677.155959755735,344.76320169054344,14.35918516283054,0.22537387031698355,117.7995831729515,0.03278799086073929,1.5705655615755507
2026-06-23,11406.51399779146,331.57124079082314,13.865337486868881,0.22087206981783325,114.99412233871082,0.03123505425504502,1.5177356987470225
2026-06-24,11066.922867870768,321.54422278370384,13.494069493935372,0.2128364159063965,111.90472156834443,0.03035161277936128,1.4718543090492757
2026-06-25,10801.608226598566,309.6751794166841,13.372824314813306,0.20613939820519683,110.78348399202552,0.029424866400109682,1.4313334024548454
2026-06-26,10820.5995828703,311.07564476552403,14.173543883425848,0.2066027532214129,111.84451434714654,0.030315824429302838,1.4484914422765913
2026-06-27,10772.669854356409,309.15476698889245,13.850830724624426,0.2058479327100026,109.4503530143608,0.029593551300787967,1.433755675513605
2026-06-28,10665.55821811467,307.98803642143633,13.986293757659706,0.20545646364071316,108.00631139668407,0.029215868486467265,1.4238658344222521
2026-06-29,10740.069446313666,314.85659539312815,14.65495839500881,0.20673677020646536,109.24092455321868,0.02951918804139214,1.441019226623558
2026-06-30,10424.919629389802,305.9940959092283,14.333543201426792,0.20244438615375696,106.38281033645686,0.02914463929502425,1.4016014928262759
2026-07-01,10648.373851203072,312.7311004977952,15.040946226124559,0.20450431041524403,106.92389759621162,0.031050417962249853,1.4286301740751506
2026-07-02,10876.793336562287,329.08173221767106,15.627687522013394,0.21054788596514581,108.13549184601999,0.03241720347565196,1.500196548724305
2026-07-03,11029.132278712354,339.3693711391334,15.896974240013325,0.2190822771239668,110.79228548735155,0.036054803762324,1.5383928106780917
2026-07-04,11089.906903442794,342.6896455805431,15.727918050394935,0.22282832817166925,110.75527261837918,0.03836926685905252,1.5412062552687875
2026-07-05,11135.375416190105,342.4261358068302,15.637287832832412,0.2219891389139178,113.10493590828432,0.03772595450589563,1.546832033872778
2026-07-06,11178.271687795166,344.1897510186398,15.684677456607641,0.21900828877310405,112.09566453251402,0.03655591300547987,1.534800273099037
2026-07-07,11021.458747098588,337.6107136465222,15.395923114749712,0.21223998860918797,110.11107610157445,0.034559574284957886,1.5000211079997676
2026-07-08,10806.129673333024,331.6824605239265,14.805143427832707,0.20745369940682407,108.16525177406884,0.032958904310393874,1.4519064411602165
2026-07-09,10933.839825407149,331.0318001806298,14.809835532738424,0.20747063681777306,107.87205033011222,0.03278557742266839,1.4670950457738023
2026-07-10,11060.361545207958,339.7283850994692,14.769473736800842,0.208851911758329,108.79067911507806,0.032691118260826546,1.5065161542768128
2026-07-11,10969.495670668739,337.27838720174185,14.490876486730755,0.20703005432282923,108.43791401209069,0.03248750829218067,1.4946347161848959
2026-07-12,10927.305669349917,339.5945439453129,14.456810825245695,0.20418269712211656,107.93609383013181,0.03161009702604904,1.50296442820645
2026-07-13,10633.227398250141,332.5235508443344,14.036179681009125,0.19977279085465305,106.24130880334351,0.030597431910540894,1.4762925683234054
2026-07-14,11062.325043184714,353.2079097379623,14.536439760218904,0.20770603392808737,108.74987922206567,0.032059093947577534,1.5589967995770213
2026-07-15,10985.9712425541,357.26842398125075,14.400011670618948,0.20739080667761453,108.11630109975395,0.0319406213685414,1.590690837173352
2026-07-16,10795.022742752677,346.2105633203313,13.986713684023961,0.20184955115469802,106.32248232238838,0.030992919317620746,1.5482074438836462
2026-07-17,10779.47926492354,341.0597730569446,13.896579406362296,0.2016776577189272,105.18359047026283,0.032050745014025356,1.5296981771536389
2026-07-18,10896.262315851034,343.8068173535158,13.937941611438763,0.20172591600805476,105.33409458967903,0.031952840930416296,1.5413303450867495
2026-07-19,10844.077399053996,344.63989632560276,14.06088682398205,0.20181479506849506,105.04041576608712,0.031737070427877864,1.5415465194637301
2026-07-20,10899.895895642914,349.528668338632,14.28253578264571,0.20418308920120024,104.78618952147903,0.03236875726168936,1.5759188878281967
2026-07-21,11077.828507430877,352.98921924256643,14.29772198390189,0.20912883024260231,104.9964793863517,0.032951422694320484,1.5829961377680024
2026-07-22,10975.667776863658,352.8637471990399,14.217966005903552,0.20834561155012324,104.1631308809203,0.03301790497494806,1.5737520321139453
2026-07-23,10766.180532521887,341.5463616754086,13.803013383240438,0.20140207444280178,103.15814214784787,0.03180869018291564,1.5400987237671893
2026-07-24,10576.003017679608,337.4531862465086,13.402496320924215,0.19790474097669933,102.37601041711315,0.03086818544873893,1.5116004125005809
2026-07-25,10577.650412429377,338.80185631431937,13.461581579148305,0.198469089006592,102.8165510468146,0.030930321540044402,1.5143732665045107
2026-07-26,10712.832723597672,352.2469473818772,13.813209479009375,0.20045989059612862,103.59683616557203,0.03104128218950993,1.589078667929896
2026-07-27,10414.947388264429,339.9017726796004,13.329506240056524,0.19151745040703952,101.70920000546178,0.029029599498892507,1.503376615551393
2026-07-28,10405.880842652161,344.1417493711185,13.210222431174627,0.19142662642753502,102.25714826086565,0.030091900637167292,1.5102986416341866
2026-07-29,10378.958243311312,341.06833398052936,13.152436999771748,0.19172889562356848,102.11432893351436,0.03008267343597008,1.4875775979412464
2026-07-30,10346.14352626437,340.0466622524336,13.113038815597326,0.19115457085459472,101.80844500202396,0.029994560223117177,1.4831215525575316
